input_kind,family,dataset_id,horizon_months,coverage,corrected_mean_config,cost_scenario,comparison,theorem_scope,attempted_count,sample_count,excluded_count,mean_terminal_wealth_gap,mean_wealth_ratio,win_count,tie_count,loss_count,uncertainty_status,mean_relative_terminal_wealth_gap,median_relative_terminal_wealth_gap,minimum_relative_terminal_wealth_gap,maximum_relative_terminal_wealth_gap,downside_quantile_0.05,downside_quantile_0.10,downside_quantile_0.25,mean_terminal_cash_gap,mean_terminal_unit_gap,mean_left_cash_drag,mean_right_cash_drag,mean_left_asset_exposure,mean_right_asset_exposure,mean_left_guardrail_activation_frequency,mean_right_guardrail_activation_frequency,mean_left_guardrail_floor,mean_right_guardrail_floor,mean_left_total_fees,mean_right_total_fees,mean_left_purchase_count,mean_right_purchase_count
synthetic,non-confirmatory-mechanism-path,canonical-synthetic,5,0.5,identity-a0-b0,fixed-1-usd,corrected_guarded_vs_dca,outside-current-safety-theorem,1,1,0,125.47741449794211630140981891398070912712672691712382522081,1.02181967787573650503846823633274810514727619534798865316814,1,0,0,not-estimated-by-canonical-run,0.0218196778757365050384682363327481051472761953479886531681418,0.0218196778757365050384682363327481051472761953479886531681418,0.0218196778757365050384682363327481051472761953479886531681418,0.0218196778757365050384682363327481051472761953479886531681418,0.0218196778757365050384682363327481051472761953479886531681418,0.0218196778757365050384682363327481051472761953479886531681418,0.0218196778757365050384682363327481051472761953479886531681418,828.66029926716302344173848853000334254575420993569372081767,-5.8598573730768408928360722468001886118218956918214157966405,0.165732059853432604688347697706000668509150841987138744163534,0,0.858978592800316900274742695126175118184693213797311082390225,1,0.6,0,177.235333333333333333333333333333333333333333333333333333333,,5,5,5,5
synthetic,non-confirmatory-mechanism-path,canonical-synthetic,5,0.5,identity-a0-b0,fixed-1-usd,corrected_guarded_vs_neutral_guarded,outside-current-safety-theorem,1,1,0,186.72626599366861202790554540970720485362245341285032094729,1.03281999895753406890170239269458665232420355727182219330315,1,0,0,not-estimated-by-canonical-run,0.0328199989575340689017023926945866523242035572718221933031538,0.0328199989575340689017023926945866523242035572718221933031538,0.0328199989575340689017023926945866523242035572718221933031538,0.0328199989575340689017023926945866523242035572718221933031538,0.0328199989575340689017023926945866523242035572718221933031538,0.0328199989575340689017023926945866523242035572718221933031538,0.0328199989575340689017023926945866523242035572718221933031538,-91.546992399503643224928178136663324120912456730972945849,2.3189438199431021271069476962197544081211242511985272233024,0.165732059853432604688347697706000668509150841987138744163534,0.184041458333333333333333333333333333333333333333333333333334,0.858978592800316900274742695126175118184693213797311082390225,0.83825948538895277412083863729629058263724318542446684864729,0.6,0.6,177.235333333333333333333333333333333333333333333333333333333,165.243333333333333333333333333333333333333333333333333333333,5,5,5,5
synthetic,non-confirmatory-mechanism-path,canonical-synthetic,5,0.5,identity-a0-b0,fixed-1-usd,neutral_guarded_vs_dca,outside-current-safety-theorem,1,1,0,-61.24885149572649572649572649572649572649572649572649572648,0.989349236950387655658628190179786319355732867239919949645268,0,0,1,not-estimated-by-canonical-run,-0.0106507630496123443413718098202136806442671327600800503547321,-0.0106507630496123443413718098202136806442671327600800503547321,-0.0106507630496123443413718098202136806442671327600800503547321,-0.0106507630496123443413718098202136806442671327600800503547321,-0.0106507630496123443413718098202136806442671327600800503547321,-0.0106507630496123443413718098202136806442671327600800503547321,-0.0106507630496123443413718098202136806442671327600800503547321,920.20729166666666666666666666666666666666666666666666666667,-8.1788011930199430199430199430199430199430199430199430199429,0.184041458333333333333333333333333333333333333333333333333334,0,0.83825948538895277412083863729629058263724318542446684864729,1,0.6,0,165.243333333333333333333333333333333333333333333333333333333,,5,5,5,5
synthetic,non-confirmatory-mechanism-path,canonical-synthetic,5,0.5,identity-a0-b0,frictionless,corrected_guarded_vs_dca,epsilon-dca,1,1,0,125.64243031073005562450402748518760508704259356619295947711,1.02182652464195310543142831657871855945832811202263485710293,1,0,0,not-estimated-by-canonical-run,0.0218265246419531054314283165787185594583281120226348571029278,0.0218265246419531054314283165787185594583281120226348571029278,0.0218265246419531054314283165787185594583281120226348571029278,0.0218265246419531054314283165787185594583281120226348571029278,0.0218265246419531054314283165787185594583281120226348571029278,0.0218265246419531054314283165787185594583281120226348571029278,0.0218265246419531054314283165787185594583281120226348571029278,828.74531648808934386359040948012485526714960490378075909342,-5.8591907181446607353257198499578104181675584278132316634693,0.165749063297617868772718081896024971053429920980756151818684,0,0.859106104513646861936202357967412102427266920244305041057772,1,0.6,0,177.000000000000000000000000000000000000000000000000000000001,,0,0,5,5
synthetic,non-confirmatory-mechanism-path,canonical-synthetic,5,0.5,identity-a0-b0,frictionless,corrected_guarded_vs_neutral_guarded,epsilon-dca,1,1,0,186.82031492611467100911941210057222047165797818157757486173,1.03280293107114040638176908349475763876226729745705103844835,1,0,0,not-estimated-by-canonical-run,0.0328029310711404063817690834947576387622672974570510384483534,0.0328029310711404063817690834947576387622672974570510384483534,0.0328029310711404063817690834947576387622672974570510384483534,0.0328029310711404063817690834947576387622672974570510384483534,0.0328029310711404063817690834947576387622672974570510384483534,0.0328029310711404063817690834947576387622672974570510384483534,0.0328029310711404063817690834947576387622672974570510384483534,-91.56718351191065613640959051987514473285039509621924090658,2.3198958203168777262127416885037280433709031106483067980692,0.165749063297617868772718081896024971053429920980756151818684,0.1840625,0.859106104513646861936202357967412102427266920244305041057772,0.83840650566642983264510773603089628780257891145455952389327,0.6,0.6,177.000000000000000000000000000000000000000000000000000000001,165.000000000000000000000000000000000000000000000000000000001,0,0,5,5
synthetic,non-confirmatory-mechanism-path,canonical-synthetic,5,0.5,identity-a0-b0,frictionless,neutral_guarded_vs_dca,epsilon-dca,1,1,0,-61.17788461538461538461538461538461538461538461538461538462,0.989372216035634743875278396436525612472160356347438752783964,0,0,1,not-estimated-by-canonical-run,-0.0106277839643652561247216035634743875278396436525612472160364,-0.0106277839643652561247216035634743875278396436525612472160364,-0.0106277839643652561247216035634743875278396436525612472160364,-0.0106277839643652561247216035634743875278396436525612472160364,-0.0106277839643652561247216035634743875278396436525612472160364,-0.0106277839643652561247216035634743875278396436525612472160364,-0.0106277839643652561247216035634743875278396436525612472160364,920.3125,-8.1790865384615384615384615384615384615384615384615384615385,0.1840625,0,0.83840650566642983264510773603089628780257891145455952389327,1,0.6,0,165.000000000000000000000000000000000000000000000000000000001,,0,0,5,5
synthetic,non-confirmatory-mechanism-path,canonical-synthetic,5,0.5,identity-a0-b0,proportional-10bps,corrected_guarded_vs_dca,outside-current-safety-theorem,1,1,0,126.24653871489671389982101637362422690201829992564680010845,1.02195340144717529093066865326596844629856522231980991282599,1,0,0,not-estimated-by-canonical-run,0.0219534014471752909306686532659684462985652223198099128259857,0.0219534014471752909306686532659684462985652223198099128259857,0.0219534014471752909306686532659684462985652223198099128259857,0.0219534014471752909306686532659684462985652223198099128259857,0.0219534014471752909306686532659684462985652223198099128259857,0.0219534014471752909306686532659684462985652223198099128259857,0.0219534014471752909306686532659684462985652223198099128259857,828.711880950515643342665395788756574005220663738645136146517,-5.8538778519634910786903698284594362258600196984416528003173,0.165742376190103128668533079157751314801044132747729027229304,0.0000000000000000000000000000000000000000000000000000000000002,0.858988409574791749738663270111122339203124182319334220148157,1,0.6,0,177.098925050973003020955068907116859164811212763260715308667,,4.16712099805143292373360100320803539060417516110025460924424,4.995004995004995004995004995004995004995004995004995004995,5,5
synthetic,non-confirmatory-mechanism-path,canonical-synthetic,5,0.5,identity-a0-b0,proportional-10bps,corrected_guarded_vs_neutral_guarded,outside-current-safety-theorem,1,1,0,186.48692202196660995131872910106242751455092026449303478326,1.03277208849206303754456299208030225521322282335588983541617,1,0,0,not-estimated-by-canonical-run,0.0327720884920630375445629920803022552132228233558898354161737,0.0327720884920630375445629920803022552132228233558898354161737,0.0327720884920630375445629920803022552132228233558898354161737,0.0327720884920630375445629920803022552132228233558898354161737,0.0327720884920630375445629920803022552132228233558898354161737,0.0327720884920630375445629920803022552132228233558898354161737,0.0327720884920630375445629920803022552132228233558898354161737,-91.552217463557795705798627700241939968318284825278452752097,2.3169928290460367138093113066775363956905767090814290627946,0.165742376190103128668533079157751314801044132747729027229304,0.184052819682814687809692804697799702794707789712784717779723,0.858988409574791749738663270111122339203124182319334220148157,0.838278329963845154002614471990101731249636996342303989223401,0.6,0.6,177.098925050973003020955068907116859164811212763260715308667,165.114905074945034984995024955064915104875144835184795224755,4.16712099805143292373360100320803539060417516110025460924424,4.07566024134458197897256341309790358244401703440167473636502,5,5
synthetic,non-confirmatory-mechanism-path,canonical-synthetic,5,0.5,identity-a0-b0,proportional-10bps,neutral_guarded_vs_dca,outside-current-safety-theorem,1,1,0,-60.24038330706989605149771272743820061253262033884623467481,0.989524613256460126182831094845583697489030463405754039396571,0,0,1,not-estimated-by-canonical-run,-0.0104753867435398738171689051544163025109695365942459606034295,-0.0104753867435398738171689051544163025109695365942459606034295,-0.0104753867435398738171689051544163025109695365942459606034295,-0.0104753867435398738171689051544163025109695365942459606034295,-0.0104753867435398738171689051544163025109695365942459606034295,-0.0104753867435398738171689051544163025109695365942459606034295,-0.0104753867435398738171689051544163025109695365942459606034295,920.264098414073439048464023488998513973538948563923588898614,-8.1708706810095277924996811351369726215505964075230818631119,0.184052819682814687809692804697799702794707789712784717779723,0.0000000000000000000000000000000000000000000000000000000000002,0.838278329963845154002614471990101731249636996342303989223401,1,0.6,0,165.114905074945034984995024955064915104875144835184795224755,,4.07566024134458197897256341309790358244401703440167473636502,4.995004995004995004995004995004995004995004995004995004995,5,5
synthetic,non-confirmatory-mechanism-path,canonical-synthetic,5,0.75,identity-a0-b0,fixed-1-usd,corrected_guarded_vs_dca,outside-current-safety-theorem,1,1,0,107.25410132361339959346268718678868498552604283416058715097,1.01865076636378437495020653080824592393924220733219751109188,1,0,0,not-estimated-by-canonical-run,0.018650766363784374950206530808245923939242207332197511091884,0.018650766363784374950206530808245923939242207332197511091884,0.018650766363784374950206530808245923939242207332197511091884,0.018650766363784374950206530808245923939242207332197511091884,0.018650766363784374950206530808245923939242207332197511091884,0.018650766363784374950206530808245923939242207332197511091884,0.018650766363784374950206530808245923939242207332197511091884,581.86556191616453954405472062093692674522527411400669727935,-3.9550955049379261662549336119512353479974935939987175844032,0.11637311238323290790881094412418738534904505482280133945587,0,0.900670074174393898594294418358284810055487174957182865111875,1,1,0,473.509369125721279540124454559672485030678475729672664790494,,5,5,5,5
synthetic,non-confirmatory-mechanism-path,canonical-synthetic,5,0.75,identity-a0-b0,fixed-1-usd,corrected_guarded_vs_neutral_guarded,outside-current-safety-theorem,1,1,0,125.26030124348519446525755898166047985732091462903238202276,1.02185034018718630576838857195112677580098997947221475530224,1,0,0,not-estimated-by-canonical-run,0.0218503401871863057683885719511267758009899794722147553022375,0.0218503401871863057683885719511267758009899794722147553022375,0.0218503401871863057683885719511267758009899794722147553022375,0.0218503401871863057683885719511267758009899794722147553022375,0.0218503401871863057683885719511267758009899794722147553022375,0.0218503401871863057683885719511267758009899794722147553022375,0.0218503401871863057683885719511267758009899794722147553022375,-26.701835920373921994406817840601534793236264347531764259115,1.2663511430321593038305364735188501220879764914713678856823,0.11637311238323290790881094412418738534904505482280133945587,0.121713479567307692307692307692307692307692307692307692307693,0.900670074174393898594294418358284810055487174957182865111875,0.893841827478035762190860884645610803803558230016052432030977,1,1,473.509369125721279540124454559672485030678475729672664790494,492.959421073717948717948717948717948717948717948717948717948,5,5,5,5
synthetic,non-confirmatory-mechanism-path,canonical-synthetic,5,0.75,identity-a0-b0,fixed-1-usd,neutral_guarded_vs_dca,outside-current-safety-theorem,1,1,0,-18.00619991987179487179487179487179487179487179487179487179,0.996868843021752264513957164291240015070750037342464959391464,0,0,1,not-estimated-by-canonical-run,-0.00313115697824773548604283570875998492924996265753504060853642,-0.00313115697824773548604283570875998492924996265753504060853642,-0.00313115697824773548604283570875998492924996265753504060853642,-0.00313115697824773548604283570875998492924996265753504060853642,-0.00313115697824773548604283570875998492924996265753504060853642,-0.00313115697824773548604283570875998492924996265753504060853642,-0.00313115697824773548604283570875998492924996265753504060853642,608.567397836538461538461538461538461538461538461538461538465,-5.2214466479700854700854700854700854700854700854700854700855,0.121713479567307692307692307692307692307692307692307692307693,0,0.893841827478035762190860884645610803803558230016052432030977,1,1,0,492.959421073717948717948717948717948717948717948717948717948,,5,5,5,5
synthetic,non-confirmatory-mechanism-path,canonical-synthetic,5,0.75,identity-a0-b0,frictionless,corrected_guarded_vs_dca,epsilon-dca,1,1,0,107.38457338443228562584755250639000902710750070573565989014,1.0186547811224626242289891071169229859779830402116868184219,1,0,0,not-estimated-by-canonical-run,0.0186547811224626242289891071169229859779830402116868184218951,0.0186547811224626242289891071169229859779830402116868184218951,0.0186547811224626242289891071169229859779830402116868184218951,0.0186547811224626242289891071169229859779830402116868184218951,0.0186547811224626242289891071169229859779830402116868184218951,0.0186547811224626242289891071169229859779830402116868184218951,0.0186547811224626242289891071169229859779830402116868184218951,582.33106964411017701220022578937305566749073550254304584106,-3.957887468830649094886272277358192055336526956640061549591,0.116466213928822035402440045157874611133498147100508609168212,0,0.900690408421998018854544377167282833805197686500220840235258,1,1,0,473.126748198604358875754273584961834628530350921388510273262,,0,0,5,5
synthetic,non-confirmatory-mechanism-path,canonical-synthetic,5,0.75,identity-a0-b0,frictionless,corrected_guarded_vs_neutral_guarded,epsilon-dca,1,1,0,125.34831537161177280533473199356949620659468019291514706963,1.02184359740158941748528758862129431698702436153758055925748,1,0,0,not-estimated-by-canonical-run,0.0218435974015894174852875886212943169870243615375805592574822,0.0218435974015894174852875886212943169870243615375805592574822,0.0218435974015894174852875886212943169870243615375805592574822,0.0218435974015894174852875886212943169870243615375805592574822,0.0218435974015894174852875886212943169870243615375805592574822,0.0218435974015894174852875886212943169870243615375805592574822,0.0218435974015894174852875886212943169870243615375805592574822,-26.728425548197515295492081902934636640201572189764646466631,1.2673061743317440675068901158042011070566354365223316128022,0.116466213928822035402440045157874611133498147100508609168212,0.121811899038461538461538461538461538461538461538461538461538,0.900690408421998018854544377167282833805197686500220840235258,0.893863348963610515484970585232137106592206853758728213828476,1,1,473.126748198604358875754273584961834628530350921388510273262,492.587139423076923076923076923076923076923076923076923076922,0,0,5,5
synthetic,non-confirmatory-mechanism-path,canonical-synthetic,5,0.75,identity-a0-b0,frictionless,neutral_guarded_vs_dca,epsilon-dca,1,1,0,-17.96374198717948717948717948717948717948717948717948717949,0.996879349944320712694877505567928730512249443207126948775055,0,0,1,not-estimated-by-canonical-run,-0.00312065005567928730512249443207126948775055679287305122494481,-0.00312065005567928730512249443207126948775055679287305122494481,-0.00312065005567928730512249443207126948775055679287305122494481,-0.00312065005567928730512249443207126948775055679287305122494481,-0.00312065005567928730512249443207126948775055679287305122494481,-0.00312065005567928730512249443207126948775055679287305122494481,-0.00312065005567928730512249443207126948775055679287305122494481,609.059495192307692307692307692307692307692307692307692307691,-5.2251936431623931623931623931623931623931623931623931623932,0.121811899038461538461538461538461538461538461538461538461538,0,0.893863348963610515484970585232137106592206853758728213828476,1,1,0,492.587139423076923076923076923076923076923076923076923076922,,0,0,5,5
synthetic,non-confirmatory-mechanism-path,canonical-synthetic,5,0.75,identity-a0-b0,proportional-10bps,corrected_guarded_vs_dca,outside-current-safety-theorem,1,1,0,107.73274759780140724846730103388777513884879462465855916241,1.01873398099541456186001298425417347373561477992584430062869,1,0,0,not-estimated-by-canonical-run,0.0187339809954145618600129842541734737356147799258443006286919,0.0187339809954145618600129842541734737356147799258443006286919,0.0187339809954145618600129842541734737356147799258443006286919,0.0187339809954145618600129842541734737356147799258443006286919,0.0187339809954145618600129842541734737356147799258443006286919,0.0187339809954145618600129842541734737356147799258443006286919,0.0187339809954145618600129842541734737356147799258443006286919,582.092114253672765647169398366544823747173751088755409643126,-3.9529947221322613199891841444388087384027079705341404206727,0.116418422850734553129433879673308964749434750217751081928625,0.0000000000000000000000000000000000000000000000000000000000002,0.900639615779749939092727622484196826566069456362114689357009,1,1,0,473.33605879899281437628085874700093885159915811663291731208,,4.41349439135497226209073986177168349276006618272851607428258,4.995004995004995004995004995004995004995004995004995004995,5,5
synthetic,non-confirmatory-mechanism-path,canonical-synthetic,5,0.75,identity-a0-b0,proportional-10bps,corrected_guarded_vs_neutral_guarded,outside-current-safety-theorem,1,1,0,125.1139713836474799821246010810043670513323693808068449982,1.02182241350293584447547604721790561491570348557565754914183,1,0,0,not-estimated-by-canonical-run,0.0218224135029358444754760472179056149157034855756575491418267,0.0218224135029358444754760472179056149157034855756575491418267,0.0218224135029358444754760472179056149157034855756575491418267,0.0218224135029358444754760472179056149157034855756575491418267,0.0218224135029358444754760472179056149157034855756575491418267,0.0218224135029358444754760472179056149157034855756575491418267,0.0218224135029358444754760472179056149157034855756575491418267,-26.722467316658098049966091209972553842555764734349439522878,1.2653036558358798169340891024248076741157344509596357043422,0.116418422850734553129433879673308964749434750217751081928625,0.121762916314066172739427097915303475517945903164620969833201,0.900639615779749939092727622484196826566069456362114689357009,0.893810392247039709493434188867110754300073234246667262065906,1,1,473.33605879899281437628085874700093885159915811663291731208,492.779553735312842258924068304417306982255439473465284736012,4.41349439135497226209073986177168349276006618272851607428258,4.38679861980985927702583867175173089151875173244445070013387,5,5
synthetic,non-confirmatory-mechanism-path,canonical-synthetic,5,0.75,identity-a0-b0,proportional-10bps,neutral_guarded_vs_dca,outside-current-safety-theorem,1,1,0,-17.38122378584607273365730004711659191248357475614828583579,0.996977525187636325908912038590025012776519170267682525920965,0,0,1,not-estimated-by-canonical-run,-0.00302247481236367409108796140997498722348082973231747407903522,-0.00302247481236367409108796140997498722348082973231747407903522,-0.00302247481236367409108796140997498722348082973231747407903522,-0.00302247481236367409108796140997498722348082973231747407903522,-0.00302247481236367409108796140997498722348082973231747407903522,-0.00302247481236367409108796140997498722348082973231747407903522,-0.00302247481236367409108796140997498722348082973231747407903522,608.814581570330863697135489576517377589729515823104849166004,-5.2182983779681411369232732468636164125184424214937761250149,0.121762916314066172739427097915303475517945903164620969833201,0.0000000000000000000000000000000000000000000000000000000000002,0.893810392247039709493434188867110754300073234246667262065906,1,1,0,492.779553735312842258924068304417306982255439473465284736012,,4.38679861980985927702583867175173089151875173244445070013387,4.995004995004995004995004995004995004995004995004995004995,5,5
synthetic,non-confirmatory-mechanism-path,canonical-synthetic,5,0.9,identity-a0-b0,fixed-1-usd,corrected_guarded_vs_dca,outside-current-safety-theorem,1,1,0,42.9016405294453598373850748747154739942104171336642348604,1.00746030654551374998008261232329836957569688293287900443676,1,0,0,not-estimated-by-canonical-run,0.00746030654551374998008261232329836957569688293287900443675569,0.00746030654551374998008261232329836957569688293287900443675569,0.00746030654551374998008261232329836957569688293287900443675569,0.00746030654551374998008261232329836957569688293287900443675569,0.00746030654551374998008261232329836957569688293287900443675569,0.00746030654551374998008261232329836957569688293287900443675569,0.00746030654551374998008261232329836957569688293287900443675569,232.74622476646581581762188824837477069809010964560267891174,-1.5820382019751704665019734447804941391989974375994870337612,0.046549244953293163163524377649674954139618021929120535782348,0,0.959826703083893491693719281298269477547337963338027015434348,1,1,0,789.403747650288511816049781823868994012271390291869065916198,,5,5,5,5
synthetic,non-confirmatory-mechanism-path,canonical-synthetic,5,0.9,identity-a0-b0,fixed-1-usd,corrected_guarded_vs_neutral_guarded,outside-current-safety-theorem,1,1,0,50.10412049739407778610302359266419194292836585161295280911,1.00872369544075501538287362148489219377820579350339314084601,1,0,0,not-estimated-by-canonical-run,0.0087236954407550153828736214848921937782057935033931408460139,0.0087236954407550153828736214848921937782057935033931408460139,0.0087236954407550153828736214848921937782057935033931408460139,0.0087236954407550153828736214848921937782057935033931408460139,0.0087236954407550153828736214848921937782057935033931408460139,0.0087236954407550153828736214848921937782057935033931408460139,0.0087236954407550153828736214848921937782057935033931408460139,-10.680734368149568797762727136240613917294505739012705703646,0.506540457212863721532214589407540048835190596588547154273,0.046549244953293163163524377649674954139618021929120535782348,0.0486853918269230769230769230769230769230769230769230769230772,0.959826703083893491693719281298269477547337963338027015434348,0.957616606528998957237014515376915878416242060954620055539967,1,1,789.403747650288511816049781823868994012271390291869065916198,797.18376842948717948717948717948717948717948717948717948718,5,5,5,5
synthetic,non-confirmatory-mechanism-path,canonical-synthetic,5,0.9,identity-a0-b0,fixed-1-usd,neutral_guarded_vs_dca,outside-current-safety-theorem,1,1,0,-7.20247996794871794871794871794871794871794871794871794871,0.998747537208700905805582865716496006028300014936985983756586,0,0,1,not-estimated-by-canonical-run,-0.00125246279129909419441713428350399397169998506301401624341353,-0.00125246279129909419441713428350399397169998506301401624341353,-0.00125246279129909419441713428350399397169998506301401624341353,-0.00125246279129909419441713428350399397169998506301401624341353,-0.00125246279129909419441713428350399397169998506301401624341353,-0.00125246279129909419441713428350399397169998506301401624341353,-0.00125246279129909419441713428350399397169998506301401624341353,243.426959134615384615384615384615384615384615384615384615386,-2.0885786591880341880341880341880341880341880341880341880342,0.0486853918269230769230769230769230769230769230769230769230772,0,0.957616606528998957237014515376915878416242060954620055539967,1,1,0,797.18376842948717948717948717948717948717948717948717948718,,5,5,5,5
synthetic,non-confirmatory-mechanism-path,canonical-synthetic,5,0.9,identity-a0-b0,frictionless,corrected_guarded_vs_dca,epsilon-dca,1,1,0,42.95382935377291425033902100255600361084300028229426395607,1.00746191244898504969159564284676919439119321608467472736876,1,0,0,not-estimated-by-canonical-run,0.00746191244898504969159564284676919439119321608467472736876049,0.00746191244898504969159564284676919439119321608467472736876049,0.00746191244898504969159564284676919439119321608467472736876049,0.00746191244898504969159564284676919439119321608467472736876049,0.00746191244898504969159564284676919439119321608467472736876049,0.00746191244898504969159564284676919439119321608467472736876049,0.00746191244898504969159564284676919439119321608467472736876049,232.93242785764407080488009031574922226699629420101721833642,-1.5831549875322596379545089109432768221346107826560246198363,0.046586485571528814160976018063149844453399258840203443667284,0,0.959834832851857979997821698154685755404262862608126032863152,1,1,0,789.250699279441743550301709433984733851412140368555404109302,,0,0,5,5
synthetic,non-confirmatory-mechanism-path,canonical-synthetic,5,0.9,identity-a0-b0,frictionless,corrected_guarded_vs_neutral_guarded,epsilon-dca,1,1,0,50.13932614864470912213389279742779848263787207716605882786,1.00872105862008410372836960643888231760710938443168072638238,1,0,0,not-estimated-by-canonical-run,0.00872105862008410372836960643888231760710938443168072638237795,0.00872105862008410372836960643888231760710938443168072638237795,0.00872105862008410372836960643888231760710938443168072638237795,0.00872105862008410372836960643888231760710938443168072638237795,0.00872105862008410372836960643888231760710938443168072638237795,0.00872105862008410372836960643888231760710938443168072638237795,0.00872105862008410372836960643888231760710938443168072638237795,-10.691370219279006118196832761173854656080628875905858586655,0.506922469732697627002756046321680442822654174608932645121,0.046586485571528814160976018063149844453399258840203443667284,0.048724759615384615384615384615384615384615384615384615384615,0.959834832851857979997821698154685755404262862608126032863152,0.957624930618781169283902198352411644128441230057146082613563,1,1,789.250699279441743550301709433984733851412140368555404109302,797.03485576923076923076923076923076923076923076923076923077,0,0,5,5
synthetic,non-confirmatory-mechanism-path,canonical-synthetic,5,0.9,identity-a0-b0,frictionless,neutral_guarded_vs_dca,epsilon-dca,1,1,0,-7.18549679487179487179487179487179487179487179487179487179,0.998751739977728285077951002227171492204899777282850779510023,0,0,1,not-estimated-by-canonical-run,-0.00124826002227171492204899777282850779510022271714922048997688,-0.00124826002227171492204899777282850779510022271714922048997688,-0.00124826002227171492204899777282850779510022271714922048997688,-0.00124826002227171492204899777282850779510022271714922048997688,-0.00124826002227171492204899777282850779510022271714922048997688,-0.00124826002227171492204899777282850779510022271714922048997688,-0.00124826002227171492204899777282850779510022271714922048997688,243.623798076923076923076923076923076923076923076923076923075,-2.0900774572649572649572649572649572649572649572649572649573,0.048724759615384615384615384615384615384615384615384615384615,0,0.957624930618781169283902198352411644128441230057146082613563,1,1,0,797.03485576923076923076923076923076923076923076923076923077,,0,0,5,5
synthetic,non-confirmatory-mechanism-path,canonical-synthetic,5,0.9,identity-a0-b0,proportional-10bps,corrected_guarded_vs_dca,outside-current-safety-theorem,1,1,0,43.09309903912056289938692041355511005553951784986342366497,1.00749359239816582474400519370166938949424591197033772025148,1,0,0,not-estimated-by-canonical-run,0.00749359239816582474400519370166938949424591197033772025147781,0.00749359239816582474400519370166938949424591197033772025147781,0.00749359239816582474400519370166938949424591197033772025147781,0.00749359239816582474400519370166938949424591197033772025147781,0.00749359239816582474400519370166938949424591197033772025147781,0.00749359239816582474400519370166938949424591197033772025147781,0.00749359239816582474400519370166938949424591197033772025147781,232.83684570146910625886775934661792949886950043550216385725,-1.581197888852904527995673657775523495361083188213656168269,0.0465673691402938212517735518693235858997739000871004327714502,0.0000000000000000000000000000000000000000000000000000000000002,0.959812429365833218538972777343860463858536042396532415185798,1,1,0,789.334423519597125750512343498800375540639663246653166924832,,4.76240075354498590783329894171167040010102947009440343271004,4.995004995004995004995004995004995004995004995004995004995,5,5
synthetic,non-confirmatory-mechanism-path,canonical-synthetic,5,0.9,identity-a0-b0,proportional-10bps,corrected_guarded_vs_neutral_guarded,outside-current-safety-theorem,1,1,0,50.04558855345899199284984043240174682053294775232273799928,1.00871311639304536343549716240539544781833018342571952861868,1,0,0,not-estimated-by-canonical-run,0.00871311639304536343549716240539544781833018342571952861868242,0.00871311639304536343549716240539544781833018342571952861868242,0.00871311639304536343549716240539544781833018342571952861868242,0.00871311639304536343549716240539544781833018342571952861868242,0.00871311639304536343549716240539544781833018342571952861868242,0.00871311639304536343549716240539544781833018342571952861868242,0.00871311639304536343549716240539544781833018342571952861868242,-10.688986926663239219986436483989021537022305893739775809153,0.5061214623343519267736356409699230696462937803838542817369,0.0465673691402938212517735518693235858997739000871004327714502,0.0487051665256264690957708391661213902071783612658483879332808,0.959812429365833218538972777343860463858536042396532415185798,0.957601279438733975167983794131867225774656235810353583466858,1,1,789.334423519597125750512343498800375540639663246653166924832,797.111821494125136903569627321766922792902175789386113894406,4.76240075354498590783329894171167040010102947009440343271004,4.75172244492694071380733846570368935960450368998077728305054,5,5
synthetic,non-confirmatory-mechanism-path,canonical-synthetic,5,0.9,identity-a0-b0,proportional-10bps,neutral_guarded_vs_dca,outside-current-safety-theorem,1,1,0,-6.95248951433842909346292001884663676499342990245931433431,0.998791010075054530363564815436010005110607668107073010368387,0,0,1,not-estimated-by-canonical-run,-0.00120898992494546963643518456398999488939233189292698963161305,-0.00120898992494546963643518456398999488939233189292698963161305,-0.00120898992494546963643518456398999488939233189292698963161305,-0.00120898992494546963643518456398999488939233189292698963161305,-0.00120898992494546963643518456398999488939233189292698963161305,-0.00120898992494546963643518456398999488939233189292698963161305,-0.00120898992494546963643518456398999488939233189292698963161305,243.525832628132345478854195830606951035891806329241939666403,-2.0873193511872564547693092987454465650073769685975104500059,0.0487051665256264690957708391661213902071783612658483879332808,0.0000000000000000000000000000000000000000000000000000000000002,0.957601279438733975167983794131867225774656235810353583466858,1,1,0,797.111821494125136903569627321766922792902175789386113894406,,4.75172244492694071380733846570368935960450368998077728305054,4.995004995004995004995004995004995004995004995004995004995,5,5
synthetic,non-confirmatory-mechanism-path,canonical-synthetic,5,1,identity-a0-b0,fixed-1-usd,corrected_guarded_vs_dca,outside-current-safety-theorem,1,1,0,0,1,0,1,0,not-estimated-by-canonical-run,0,0,0,0,0,0,0,0,0,0,0,1,1,1,0,1000,,5,5,5,5
synthetic,non-confirmatory-mechanism-path,canonical-synthetic,5,1,identity-a0-b0,fixed-1-usd,corrected_guarded_vs_neutral_guarded,outside-current-safety-theorem,1,1,0,0,1,0,1,0,not-estimated-by-canonical-run,0,0,0,0,0,0,0,0,0,0,0,1,1,1,1,1000,1000,5,5,5,5
synthetic,non-confirmatory-mechanism-path,canonical-synthetic,5,1,identity-a0-b0,fixed-1-usd,neutral_guarded_vs_dca,outside-current-safety-theorem,1,1,0,0,1,0,1,0,not-estimated-by-canonical-run,0,0,0,0,0,0,0,0,0,0,0,1,1,1,0,1000,,5,5,5,5
synthetic,non-confirmatory-mechanism-path,canonical-synthetic,5,1,identity-a0-b0,frictionless,corrected_guarded_vs_dca,epsilon-dca,1,1,0,0,1,0,1,0,not-estimated-by-canonical-run,0,0,0,0,0,0,0,0,0,0,0,1,1,1,0,1000,,0,0,5,5
synthetic,non-confirmatory-mechanism-path,canonical-synthetic,5,1,identity-a0-b0,frictionless,corrected_guarded_vs_neutral_guarded,epsilon-dca,1,1,0,0,1,0,1,0,not-estimated-by-canonical-run,0,0,0,0,0,0,0,0,0,0,0,1,1,1,1,1000,1000,0,0,5,5
synthetic,non-confirmatory-mechanism-path,canonical-synthetic,5,1,identity-a0-b0,frictionless,neutral_guarded_vs_dca,epsilon-dca,1,1,0,0,1,0,1,0,not-estimated-by-canonical-run,0,0,0,0,0,0,0,0,0,0,0,1,1,1,0,1000,,0,0,5,5
synthetic,non-confirmatory-mechanism-path,canonical-synthetic,5,1,identity-a0-b0,proportional-10bps,corrected_guarded_vs_dca,outside-current-safety-theorem,1,1,0,0,1,0,1,0,not-estimated-by-canonical-run,0,0,0,0,0,0,0,0,0,0.0000000000000000000000000000000000000000000000000000000000002,0.0000000000000000000000000000000000000000000000000000000000002,1,1,1,0,1000,,4.995004995004995004995004995004995004995004995004995004995,4.995004995004995004995004995004995004995004995004995004995,5,5
synthetic,non-confirmatory-mechanism-path,canonical-synthetic,5,1,identity-a0-b0,proportional-10bps,corrected_guarded_vs_neutral_guarded,outside-current-safety-theorem,1,1,0,0,1,0,1,0,not-estimated-by-canonical-run,0,0,0,0,0,0,0,0,0,0.0000000000000000000000000000000000000000000000000000000000002,0.0000000000000000000000000000000000000000000000000000000000002,1,1,1,1,1000,1000,4.995004995004995004995004995004995004995004995004995004995,4.995004995004995004995004995004995004995004995004995004995,5,5
synthetic,non-confirmatory-mechanism-path,canonical-synthetic,5,1,identity-a0-b0,proportional-10bps,neutral_guarded_vs_dca,outside-current-safety-theorem,1,1,0,0,1,0,1,0,not-estimated-by-canonical-run,0,0,0,0,0,0,0,0,0,0.0000000000000000000000000000000000000000000000000000000000002,0.0000000000000000000000000000000000000000000000000000000000002,1,1,1,0,1000,,4.995004995004995004995004995004995004995004995004995004995,4.995004995004995004995004995004995004995004995004995004995,5,5
