slice_id,label,evidence_layer,claim_tier,coverage,comparison,comparison_role,cell_count,sample_count_minimum,sample_count_maximum,median_of_cell_medians,minimum_cell_median,maximum_cell_median,minimum_cell_downside_0.05,maximum_worst_observed_relative_shortfall,median_left_cash_drag,median_left_asset_exposure,median_left_guardrail_activation_frequency,median_left_purchase_count,mean_terminal_wealth_gap,mean_cash_contribution,mean_unit_contribution,cash_unit_identity_residual,cost_scope,aggregation
deterministic-primary,Deterministic primary catalog,deterministic,deterministic stress evidence,0.5,corrected_guarded_vs_dca,complete-system performance,14,1,1,-0.008594244604942299556429631493807882819911366824341222407853395,-0.085645614130186013650917330385786707094025698463418838593974,0.348798972438855647429887465699459992702303997273286110162718,-0.085645614130186013650917330385786707094025698463418838593974,0.085645614130186013650917330385786707094025698463418838593974,0.157084609419000129523775920850193719277492225936740787980269,0.8477506322325302627321346943275499484199981789721210749202165,0.428571428571428571428571428571428571428571428571428571428571,5.5,-61.28270815175237137213543876171336557736124059676488778892714285714285714285714285714285714285714286,937.9146511665764040621358218023707768700972954672492473807827857142857142857142857142857142857142857,-999.1973593183287754342712605640841424474585360640141351697099285714285714285714285714285714285714286,-4E-98,gross frictionless; epsilon-DCA theorem scope for guarded policies,descriptive across source aggregate cells; no cross-layer pooling
deterministic-primary,Deterministic primary catalog,deterministic,deterministic stress evidence,0.5,corrected_guarded_vs_neutral_guarded,corrected-mean signal contribution,14,1,1,0.00422758127929904030927094850481012680240755429183000663449179,-0.0557683976320804647268305226717346024278133518284169729606172,0.0276704001336416247252564999279123900030986079994271082613926,-0.0557683976320804647268305226717346024278133518284169729606172,0.0557683976320804647268305226717346024278133518284169729606172,0.157084609419000129523775920850193719277492225936740787980269,0.8477506322325302627321346943275499484199981789721210749202165,0.428571428571428571428571428571428571428571428571428571428571,5.5,27.50875309640088852763664417423133694737114166096025011821642857142857142857142857142857142857142857,-6.505664595550929037349470988588538543315779195486044451200071428571428571428571428571428571428571429,34.0144176919518175649861151628198754906869208564462945694165,0E-98,gross frictionless; epsilon-DCA theorem scope for guarded policies,descriptive across source aggregate cells; no cross-layer pooling
deterministic-primary,Deterministic primary catalog,deterministic,deterministic stress evidence,0.5,neutral_guarded_vs_dca,safety-architecture behavior,14,1,1,-0.02197616848417594664113881129418109721918827623596217360804955,-0.0750809426039131161857336628328285549712926661587915048588785,0.4284620098039215686274509803921568627450980392156862745098,-0.0750809426039131161857336628328285549712926661587915048588785,0.0750809426039131161857336628328285549712926661587915048588785,0.1717242324561403508771929824561403508771929824561403508771925,0.857678257462747272192354259240710047897592547490936857235122,0.428571428571428571428571428571428571428571428571428571428571,5.5,-88.79146124815325989977208293594470252473238225772513790714357142857142857142857142857142857142857143,944.4203157621273330994852927909593154134130746627352918319828571428571428571428571428571428571428571,-1033.211777010280592999257375726904017938145456920460429739126428571428571428571428571428571428571429,-4.7E-97,gross frictionless; epsilon-DCA theorem scope for guarded policies,descriptive across source aggregate cells; no cross-layer pooling
deterministic-primary,Deterministic primary catalog,deterministic,deterministic stress evidence,0.75,corrected_guarded_vs_dca,complete-system performance,14,1,1,-0.00852086396292280667575418078643956587716651852282928784084372,-0.0497779554821360010156347428296690434559388162065854801812415,0.261054742372602351052781758983544708719912301355909034029994,-0.0497779554821360010156347428296690434559388162065854801812415,0.0497779554821360010156347428296690434559388162065854801812415,0.1354202140325210861976185609309107280446440123651756282111835,0.8810781422673515826994572512599743811804663022901986681578445,0.9285714285714285714285714285714285714285714285714285714285715,5.5,-61.58045454804831359027847873213199832683709169813450186545785714285714285714285714285714285714285714,754.4264162224321591754456388182328798674655617986816214710832142857142857142857142857142857142857143,-816.0068707704804727657241175503648781943026534968161233365410714285714285714285714285714285714285714,4E-98,gross frictionless; epsilon-DCA theorem scope for guarded policies,descriptive across source aggregate cells; no cross-layer pooling
deterministic-primary,Deterministic primary catalog,deterministic,deterministic stress evidence,0.75,corrected_guarded_vs_neutral_guarded,corrected-mean signal contribution,14,1,1,0.0010668164611736313204416446105023045647500655925816429425649695,-0.0290110893377547337798676803367985423046266122224696882685999,0.0151981995923582953590409264034979534049726632478089380602593,-0.0290110893377547337798676803367985423046266122224696882685999,0.0290110893377547337798676803367985423046266122224696882685999,0.1354202140325210861976185609309107280446440123651756282111835,0.8810781422673515826994572512599743811804663022901986681578445,0.9285714285714285714285714285714285714285714285714285714285715,5.5,10.11082647654586639260231577352470764969281897380652700096071428571428571428571428571428571428571429,28.42244982532229487704836785372938832806694276871506314574864285714285714285714285714285714285714286,-18.31162334877642848444605208020468067837412379490853614478792857142857142857142857142857142857142857,0E-98,gross frictionless; epsilon-DCA theorem scope for guarded policies,descriptive across source aggregate cells; no cross-layer pooling
deterministic-primary,Deterministic primary catalog,deterministic,deterministic stress evidence,0.75,neutral_guarded_vs_dca,safety-architecture behavior,14,1,1,-0.0165790886420190613215903381961648593569597252684319948160128,-0.0452615189338337761757000315873576246307066277708615916312066,0.298732383578431372549019607843137254901960784313725490196082,-0.0452615189338337761757000315873576246307066277708615916312066,0.0452615189338337761757000315873576246307066277708615916312066,0.1267264229910714285714285714285714285714285714285714285714285,0.885029455038459619887090562900238886327468657041227201327440,1,5.5,-71.69128102459417998288079450565670597652991067194102886641857142857142857142857142857142857142857143,726.0039663971098642983972709645034915393986190299665583253345714285714285714285714285714285714285714,-797.6952474217040442812780654701601975159285297019075871917531428571428571428571428571428571428571429,-7E-98,gross frictionless; epsilon-DCA theorem scope for guarded policies,descriptive across source aggregate cells; no cross-layer pooling
deterministic-primary,Deterministic primary catalog,deterministic,deterministic stress evidence,0.9,corrected_guarded_vs_dca,complete-system performance,14,1,1,-0.00343420643036785983356966810958156830247679051852366171496985,-0.0199111821928544004062538971318676173823755264826341920724961,0.108241448877462671606663530139744565735442857512254450384676,-0.0199111821928544004062538971318676173823755264826341920724961,0.0199111821928544004062538971318676173823755264826341920724961,0.05817940855593892447075802307864046419536698602340087668227655,0.9511251916111101171726218683334622468828956411518683974687375,1,5.5,-24.13998436900757548984014107394725314863850390661519255918,319.5664002660909652503612087169368035413183688940388739663199285714285714285714285714285714285714286,-343.7063846350985407402013497908840566899568728006540665254999285714285714285714285714285714285714286,0E-97,gross frictionless; epsilon-DCA theorem scope for guarded policies,descriptive across source aggregate cells; no cross-layer pooling
deterministic-primary,Deterministic primary catalog,deterministic,deterministic stress evidence,0.9,corrected_guarded_vs_neutral_guarded,corrected-mean signal contribution,14,1,1,0.0001941230060059964549547263550206019790512576095975341353414105,-0.0100505362891501398802280328196642708901867154931894209657596,0.00692621957186933406577648541787769606952745362334661554104906,-0.0100505362891501398802280328196642708901867154931894209657596,0.0100505362891501398802280328196642708901867154931894209657596,0.05817940855593892447075802307864046419536698602340087668227655,0.9511251916111101171726218683334622468828956411518683974687375,1,5.5,4.679737969262944096703480543455017458443263869860758013449285714285714285714285714285714285714285714,16.97987646381414876494135832818630588690113566360817111833214285714285714285714285714285714285714286,-12.30013849455120466823787778473128842845787179374741310488285714285714285714285714285714285714285714,6E-99,gross frictionless; epsilon-DCA theorem scope for guarded policies,descriptive across source aggregate cells; no cross-layer pooling
deterministic-primary,Deterministic primary catalog,deterministic,deterministic stress evidence,0.9,neutral_guarded_vs_dca,safety-architecture behavior,14,1,1,-0.00641010270984595923294589760990928814185554321116550629033878,-0.0181046075735335104702800126349430498522826511083446366524856,0.119492953431372549019607843137254901960784313725490196078429,-0.0181046075735335104702800126349430498522826511083446366524856,0.0181046075735335104702800126349430498522826511083446366524856,0.05392011767700501253132832080200501253132832080200501253132875,0.9537420506094775490825150378809362738982609510883846451058745,1,5.5,-28.81972233827051958654362161740227060708176777647595057262928571428571428571428571428571428571428571,302.5865238022768164854198503887504976544172332304307028479877857142857142857142857142857142857142857,-331.4062461405473360719634720061527682614990010069066534206170714285714285714285714285714285714285714,1E-98,gross frictionless; epsilon-DCA theorem scope for guarded policies,descriptive across source aggregate cells; no cross-layer pooling
deterministic-primary,Deterministic primary catalog,deterministic,deterministic stress evidence,1,corrected_guarded_vs_dca,complete-system performance,14,1,1,0,0,0,0,0,0,1,1,5.5,0,0,0,0,gross frictionless; epsilon-DCA theorem scope for guarded policies,descriptive across source aggregate cells; no cross-layer pooling
deterministic-primary,Deterministic primary catalog,deterministic,deterministic stress evidence,1,corrected_guarded_vs_neutral_guarded,corrected-mean signal contribution,14,1,1,0,0,0,0,0,0,1,1,5.5,0,0,0,0,gross frictionless; epsilon-DCA theorem scope for guarded policies,descriptive across source aggregate cells; no cross-layer pooling
deterministic-primary,Deterministic primary catalog,deterministic,deterministic stress evidence,1,neutral_guarded_vs_dca,safety-architecture behavior,14,1,1,0,0,0,0,0,0,1,1,5.5,0,0,0,0,gross frictionless; epsilon-DCA theorem scope for guarded policies,descriptive across source aggregate cells; no cross-layer pooling
stochastic-primary,Stochastic primary families,stochastic,controlled sensitivity,0.5,corrected_guarded_vs_dca,complete-system performance,15,3,3,-0.00496856996521904588743520330837696916855368122977495398252495,-0.00895837235414921765291891205925977510717352731863705728162986,0.00164958218234483006618282985753382775765153013357849135922404,-0.0157080296185346071815377457383209278006465854067389292572552,0.0164676622466561023253667493949248905390706237978973092483223,0.0299085762002884838123574419873087029871629824732699535987336,0.97242608109904959317715818056230690732129484254919475479974,0.064814814814814814814814814814814814814814814814814814814815,36,-104.5713762498770929130214060685348537085124376506271498370999353333333333333333333333333333333333333,1040.561714339039658738087300948797805265256218135304927141288,-1145.1330905889167516511087070173326589737686557859320769783886,-6.646666666666666666666666666666666666667E-58,gross frictionless; epsilon-DCA theorem scope for guarded policies,descriptive across source aggregate cells; no cross-layer pooling
stochastic-primary,Stochastic primary families,stochastic,controlled sensitivity,0.5,corrected_guarded_vs_neutral_guarded,corrected-mean signal contribution,15,3,3,0.000219492003887749330437339939731935948903217487269403452926822,-0.000280578769574098157529380678928723050295230255492997629802081,0.000802345040685964574305461783943379796938977151747368596585684,-0.000627852731702556401004164129937814695114865777670088002110097,0.000683871543132851908796606862398622229045254991786622750231804,0.0299085762002884838123574419873087029871629824732699535987336,0.97242608109904959317715818056230690732129484254919475479974,0.064814814814814814814814814814814814814814814814814814814815,36,10.9036743309389473150217139746001365811045989480774917071177698,40.72683201945007491322659430582716145528923986811404323764908466666666666666666666666666666666666667,-29.82315768851112759820488033122702487418464092003655153053349333333333333333333333333333333333333333,-2.17846666666666666666666666666666666666666E-57,gross frictionless; epsilon-DCA theorem scope for guarded policies,descriptive across source aggregate cells; no cross-layer pooling
stochastic-primary,Stochastic primary families,stochastic,controlled sensitivity,0.5,neutral_guarded_vs_dca,safety-architecture behavior,15,3,3,-0.00520650382398175971626661794399537727223407298059679723857421,-0.00906281961305660337176522795641626074105866585054163444977351,0.00142977635398003433798571573744788716185458704275095265986772,-0.0150900064190933835994277087535654052271339135461194154855985,0.0157945921756475645853064869655018951091433876126909207776455,0.0277777777769569831310950795343207123478244706375611135044512,0.97325529351584403816079850142051066610325047026842886671725,0.0740740740740740740740740740740740740740740740740740740740743,36,-115.4750505808160402280431200431349902896170365987046415442178753333333333333333333333333333333333333,999.8348823195895838248607066429706438099669782671908839036392,-1115.309932900405624052903826686105634099584014865895525447854666666666666666666666666666666666666667,2.4086666666666666666666666666666666666663E-57,gross frictionless; epsilon-DCA theorem scope for guarded policies,descriptive across source aggregate cells; no cross-layer pooling
stochastic-primary,Stochastic primary families,stochastic,controlled sensitivity,0.75,corrected_guarded_vs_dca,complete-system performance,15,3,3,-0.00407383077357755650073416214336077884676325263098387170803682,-0.00894090069828357732078888820432910012002891492131062149579044,0.00152191210176111202585379746252660847360305423040955828186583,-0.0144679544954619430216832788715183077058199309513054002212013,0.0153721201433004220886863065939792745309009160437634004073573,0.0299085761860632100693972240926256680038742954011136726240737,0.972441631519609823199134124191003560628776479325979867769827,0.175925925925925925925925925925925925925925925925925925925926,36,-92.23505681592261628964406574812317722363276394477526474621112666666666666666666666666666666666666667,1039.2787711714712521710412583506549298185174921437035227075284,-1131.513827987393868460685324098778107042150256088478787453740666666666666666666666666666666666666667,-1.14000000000000000000000000000000000000033E-57,gross frictionless; epsilon-DCA theorem scope for guarded policies,descriptive across source aggregate cells; no cross-layer pooling
stochastic-primary,Stochastic primary families,stochastic,controlled sensitivity,0.75,corrected_guarded_vs_neutral_guarded,corrected-mean signal contribution,15,3,3,0.000206622044727925520802506352077097197617690520446588889562601,-0.000286782464573886265034334684063885417213030341156059336187265,0.000730373619815275793689886447820520840245319787972613168672592,-0.000648607027737969948280637556405297455462652104975863088378753,0.000706987490989442196147938133386832751798390152013661304288576,0.0299085761860632100693972240926256680038742954011136726240737,0.972441631519609823199134124191003560628776479325979867769827,0.175925925925925925925925925925925925925925925925925925925926,36,9.884807260514549752445715570463093056727401714266611370026670666666666666666666666666666666666666667,40.56969061079155455699910396995884464536369089000728833219911333333333333333333333333333333333333333,-30.68488335027700480455338839949575158863628917574067696218936666666666666666666666666666666666666667,-1.6924000000000000000000000000000000000000007E-56,gross frictionless; epsilon-DCA theorem scope for guarded policies,descriptive across source aggregate cells; no cross-layer pooling
stochastic-primary,Stochastic primary families,stochastic,controlled sensitivity,0.75,neutral_guarded_vs_dca,safety-architecture behavior,15,3,3,-0.00431498014585856677373602129820603888143065178969717079976893,-0.00889310673708641542055778570623177688671723073146406499313753,0.000951102084732896235273985804545491412685026671189711797883174,-0.0138287618007589825761671430037137162413133322901705858628613,0.0146755080529283150360531130540248989354246192981233661105531,0.0277777777712860594196661791542723934807996141685224811647392,0.973277128788633737035183384431827679541013282562658066335553,0.175925925925925925925925925925925925925925925925925925925926,36,-102.1198640764371660420897813185862702803601656590418761162377533333333333333333333333333333333333333,998.7090805606796976140421543806960851731538012536962343753297333333333333333333333333333333333333333,-1100.8289446371168636561319356992823554535139669127381104915518,1.56866666666666666666666666666666666666666E-56,gross frictionless; epsilon-DCA theorem scope for guarded policies,descriptive across source aggregate cells; no cross-layer pooling
stochastic-primary,Stochastic primary families,stochastic,controlled sensitivity,0.9,corrected_guarded_vs_dca,complete-system performance,15,3,3,-0.00252998968670959947211466451114172383739871809001752438493353,-0.00636718880076151926825689478172268844256335826464307493992343,0.00204051724274480095265903464212306650770455543829310869212553,-0.0078789936432353541614651294639480039266123601872586723739756,0.00804697195906578026071048887308415009150669373421596097775917,0.0299085535466965968684352172678877657896093701521883597552916,0.972449294665863727090204079006992689872978459498465640318483,0.5,36,-58.05362523256752492086961387250475267021607466741259749866894,901.6522111267484290417012485507599944778781867939986899305103333333333333333333333333333333333333333,-959.7058363593159539625708624232647471480942614614112874291804666666666666666666666666666666666666667,-1.1933333333333333333333333333333333333334E-57,gross frictionless; epsilon-DCA theorem scope for guarded policies,descriptive across source aggregate cells; no cross-layer pooling
stochastic-primary,Stochastic primary families,stochastic,controlled sensitivity,0.9,corrected_guarded_vs_neutral_guarded,corrected-mean signal contribution,15,3,3,0.000113544605376146545969044920801328498585198857337028209037503,-0.000300868227526559206629312535306303423010210776542636421575633,0.000597407284969926169690422418032895563147380957347888715662445,-0.000590168704659486031912890415425409941558834795294313538835897,0.00062231320211870012361106573543864399917534857515561099630926,0.0299085535466965968684352172678877657896093701521883597552916,0.972449294665863727090204079006992689872978459498465640318483,0.5,36,6.9535500525034139126357782837318058509604321597645384443088778,29.47107228364882183517712027738004567268006496989276871554912666666666666666666666666666666666666667,-22.517522231145407922541341993648239821719632810128230271244682,-4.43313333333333333333333333333333333333333E-57,gross frictionless; epsilon-DCA theorem scope for guarded policies,descriptive across source aggregate cells; no cross-layer pooling
stochastic-primary,Stochastic primary families,stochastic,controlled sensitivity,0.9,neutral_guarded_vs_dca,safety-architecture behavior,15,3,3,-0.00268025999169784542461273582310798795021084997355464639968678,-0.00606814628565229614180012827437080404645420838491164129619133,0.00164650897977980729405839228741733984902927569995277656258413,-0.00729316851611586219069827182910008580386803017000809127630028,0.00746223463914335271360134055125479683082107137612642070124088,0.0277777661057595735984010382822731101236217720333565834497921,0.973321416783976316140756982012611235881970346840903453805063,0.50925925925925925925925925925925925925925925925925925925926,36,-65.00717528507093883350539215623655852117650682717713594297775333333333333333333333333333333333333333,872.1811388430996072065241282733799488051981218241059212149625333333333333333333333333333333333333333,-937.1883141281705460400295204296165073263746286512830571579344,5.88666666666666666666666666666666666666663E-57,gross frictionless; epsilon-DCA theorem scope for guarded policies,descriptive across source aggregate cells; no cross-layer pooling
stochastic-primary,Stochastic primary families,stochastic,controlled sensitivity,1,corrected_guarded_vs_dca,complete-system performance,15,3,3,0,0,0,0,0,0,1,1,36,0,0,0,0,gross frictionless; epsilon-DCA theorem scope for guarded policies,descriptive across source aggregate cells; no cross-layer pooling
stochastic-primary,Stochastic primary families,stochastic,controlled sensitivity,1,corrected_guarded_vs_neutral_guarded,corrected-mean signal contribution,15,3,3,0,0,0,0,0,0,1,1,36,0,0,0,0,gross frictionless; epsilon-DCA theorem scope for guarded policies,descriptive across source aggregate cells; no cross-layer pooling
stochastic-primary,Stochastic primary families,stochastic,controlled sensitivity,1,neutral_guarded_vs_dca,safety-architecture behavior,15,3,3,0,0,0,0,0,0,1,1,36,0,0,0,0,gross frictionless; epsilon-DCA theorem scope for guarded policies,descriptive across source aggregate cells; no cross-layer pooling
historical-primary,Historical primary monthly design,historical,confirmatory H1/H2 and secondary architecture,0.5,corrected_guarded_vs_dca,complete-system performance,6,72,383,-0.023227605612168067947058106903014237812085690892574295241739575,-0.0459315460329597585944088669914816089333859199860058448171075,-0.00874935441149618355858610381305950564643156572437310779908109,-0.152921904735948742138796686163595922689015045202746063765685,0.189611780781547562984364320842401007969149349288862746889323,0.0610623277299363709582972335114040066729009769615418925458321,0.975155797159418810976439295242004244295610926331147343708215,0.0675596274373259052924791086350974930362116991643454038997260,36,-7480.535790190349945774782062236629425509699300085158292357650333333333333333333333333333333333333333,1755.043360020563788823632159056654230777687720574006650980181666666666666666666666666666666666666667,-9235.57915021091373459841422129328365628738702065916494333790,-6.8000000000000000000000000000000000000000E-56,gross frictionless; epsilon-DCA theorem scope for guarded policies,descriptive across source aggregate cells; no cross-layer pooling
historical-primary,Historical primary monthly design,historical,confirmatory H1/H2 and secondary architecture,0.5,corrected_guarded_vs_neutral_guarded,corrected-mean signal contribution,6,72,383,-0.001565336233726045306154547551921667667788866686114237200093186,-0.00545342713737186257617090539443406886427217667683250453271505,-0.0000921596132481172542399792767691365687246086092952844285046726,-0.0441014503999232385726791732010573265668454713805957259459206,0.069286604037190241432098271447774810237285329677279287257761,0.0610623277299363709582972335114040066729009769615418925458321,0.975155797159418810976439295242004244295610926331147343708215,0.0675596274373259052924791086350974930362116991643454038997260,36,-1862.601229951999382345808131427692238063346906766896909646446051666666666666666666666666666666666667,755.2097646538118987986289118051384207438704247604544310279571666666666666666666666666666666666666667,-2617.810994605811281144437043232830658807217331527351340674419266666666666666666666666666666666666667,-1.6048333333333333333333333333333333333333E-56,gross frictionless; epsilon-DCA theorem scope for guarded policies,descriptive across source aggregate cells; no cross-layer pooling
historical-primary,Historical primary monthly design,historical,confirmatory H1/H2 and secondary architecture,0.5,neutral_guarded_vs_dca,safety-architecture behavior,6,72,383,-0.0236958812348795479560679103719428255861914011622241697836725,-0.0436523286914362512249819879531330378151278151589582921167598,-0.0089054811030025452284249238302248133589147220057085945065839,-0.114143822281494257587758838096644321331548157797497773776662,0.135710607417988092229946191882433314930958562493163801799095,0.0277777777769473254824878872818822573237717453450743963337478,0.981220200295665825381269036617069687225249915241931586030386,0.0664292208294645620550913030021665119158155369854534199938165,36,-5617.9345602383505634289739308089371874463523933182613827111868,999.833595366751890025003247251515810033817295813552219952228,-6617.76815560510245345397717806045299748016968913181360266335,6.48E-56,gross frictionless; epsilon-DCA theorem scope for guarded policies,descriptive across source aggregate cells; no cross-layer pooling
historical-primary,Historical primary monthly design,historical,confirmatory H1/H2 and secondary architecture,0.75,corrected_guarded_vs_dca,complete-system performance,6,72,383,-0.02188137014954906059520902673244516888625854465518551607653892,-0.0376820768374796927782074103133399788363476447088239388844339,-0.00718771382807783331574838411121373582390375884135263124382672,-0.120579968766998833534352463620116594715466303271143348417811,0.157622504078183376639261397152024873522242772599198074117773,0.0610622801576708339217553981976407199890656704691953105108705,0.975229675579755959853558533643400099519712807569377547007567,0.175805832817497162901062622511090477664293820282678221396884,36,-6724.316577397215973100870890445747351707067550037138961210607816666666666666666666666666666666666667,1752.513859171049075162338425420333853394739857132533312971596666666666666666666666666666666666666667,-8476.830436568265048263209315866081205101807407169672274182393333333333333333333333333333333333333333,-1.88849999999999999999999999999999999999999E-55,gross frictionless; epsilon-DCA theorem scope for guarded policies,descriptive across source aggregate cells; no cross-layer pooling
historical-primary,Historical primary monthly design,historical,confirmatory H1/H2 and secondary architecture,0.75,corrected_guarded_vs_neutral_guarded,corrected-mean signal contribution,6,72,383,-0.000708496847351073065068746842009726331522926695188250829751864,-0.00441136662500300544240500647511566848368983029739681163347634,-0.000079648779353582728611350083799825261289583451621365318412496,-0.0400691119322619312178353136337628153916986001255717083262861,0.060755435289708428411647438239538937749367405889749337456332,0.0610622801576708339217553981976407199890656704691953105108705,0.975229675579755959853558533643400099519712807569377547007567,0.175805832817497162901062622511090477664293820282678221396884,36,-1742.597533586450863305025821261397523529453233561932387982338751666666666666666666666666666666666667,753.924880008235782409885184529979193905156519896948660546739,-2496.522413594686645714911005791376717434609753458881048529072666666666666666666666666666666666666667,5.085000000000000000000000000000000000000E-57,gross frictionless; epsilon-DCA theorem scope for guarded policies,descriptive across source aggregate cells; no cross-layer pooling
historical-primary,Historical primary monthly design,historical,confirmatory H1/H2 and secondary architecture,0.75,neutral_guarded_vs_dca,safety-architecture behavior,6,72,383,-0.02122765299222790531866510223873848635969556564046764189715335,-0.0390513127050941702511929161741092242303064434962514006870734,-0.00712413147603414937022269235257536609819161322940388038262191,-0.0882527411696800754453662356643230390274296482155751330043059,0.103132956450329244075301858804812905494783457289240806840887,0.0277777777704904567312440318075904672890629960638254096556787,0.9812284362354910090698277424244138528133120000232734362283605,0.1706901887960383782110801609408851748684617765397709687403325,36,-4981.71904381076510979584506918434982817761431647520657322833685,998.5889791628132927524532408903546594895833372355846524248553333333333333333333333333333333333333333,-5980.308022973578402548298310074704487667197653710791225653181666666666666666666666666666666666666667,1.0516666666666666666666666666666666666666E-56,gross frictionless; epsilon-DCA theorem scope for guarded policies,descriptive across source aggregate cells; no cross-layer pooling
historical-primary,Historical primary monthly design,historical,confirmatory H1/H2 and secondary architecture,0.9,corrected_guarded_vs_dca,complete-system performance,6,72,383,-0.012362199229908885996007299382656200679604094559590096488921725,-0.0317235437111310362013333813802703026119337106050439070755482,-0.00335266351298036186677439396225895454280836618257622733904455,-0.0767264477662086994938327125693331781773133433426854416789894,0.0792542659521350525773121585891754604487957178563126865945322,0.0526753820133645962362984427683738573763632431766124142423449,0.9754216746156089663093569119759175648278265255352534037237195,0.502194721706386051789951511399979366553182709171567110285790,36,-4613.54220530582941481640042840235576719366705132287771908899375,1596.413676130760973587974811089990277724450060267257933868701,-6209.9558814365903884043752394923460449181171115901356529576745,2.025E-56,gross frictionless; epsilon-DCA theorem scope for guarded policies,descriptive across source aggregate cells; no cross-layer pooling
historical-primary,Historical primary monthly design,historical,confirmatory H1/H2 and secondary architecture,0.9,corrected_guarded_vs_neutral_guarded,corrected-mean signal contribution,6,72,383,-0.000555722996702769397489190841340146868239772178118710975143002,-0.00390515916929727178023874358717102790693058941508152776940851,0.00051799033724719057717082244865511868391588961045313337115452,-0.0322598865805671535334167726074841457969496091748497138588081,0.0377195546229347029036677216150288409675731257538903364987498,0.0526753820133645962362984427683738573763632431766124142423449,0.9754216746156089663093569119759175648278265255352534037237195,0.502194721706386051789951511399979366553182709171567110285790,36,-1075.356691141227632141250096664572143544602929618320454082225893833333333333333333333333333333333333,707.75982915885067907279035689147480543231788091452668186979545,-1783.116520300078311214040453556046948976920810532847135951986,3.5343833333333333333333333333333333333333E-56,gross frictionless; epsilon-DCA theorem scope for guarded policies,descriptive across source aggregate cells; no cross-layer pooling
historical-primary,Historical primary monthly design,historical,confirmatory H1/H2 and secondary architecture,0.9,neutral_guarded_vs_dca,safety-architecture behavior,6,72,383,-0.01190635495617002771229407930276012746954782972535316742199463,-0.028261767184390605504602573931141562941622448075472997756187,-0.00340080934164462072522873845525413259716572040514018799939384,-0.0492067792457294326591471690659979003691496895443006921256664,0.0571849538871059761693399153146432225173980183833026072328895,0.0277777419434973147039511228803514987351902635396277695952714,0.981251210649131569819845210272193690122330851228176709862761,0.450714674894253585061384504281440214587846899824615702053003,36,-3538.185514164601782675150331737783623649064121704557265006806283333333333333333333333333333333333333,888.653846971910294515184454198515472292132179352731251998891,-4426.839361136512077190334785936299095941196301057288517005775,-7.7716666666666666666666666666666666666667E-56,gross frictionless; epsilon-DCA theorem scope for guarded policies,descriptive across source aggregate cells; no cross-layer pooling
historical-primary,Historical primary monthly design,historical,confirmatory H1/H2 and secondary architecture,1,corrected_guarded_vs_dca,complete-system performance,6,72,383,0,0,0,0,0,0,1,1,36,0,0,0,0,gross frictionless; epsilon-DCA theorem scope for guarded policies,descriptive across source aggregate cells; no cross-layer pooling
historical-primary,Historical primary monthly design,historical,confirmatory H1/H2 and secondary architecture,1,corrected_guarded_vs_neutral_guarded,corrected-mean signal contribution,6,72,383,0,0,0,0,0,0,1,1,36,0,0,0,0,gross frictionless; epsilon-DCA theorem scope for guarded policies,descriptive across source aggregate cells; no cross-layer pooling
historical-primary,Historical primary monthly design,historical,confirmatory H1/H2 and secondary architecture,1,neutral_guarded_vs_dca,safety-architecture behavior,6,72,383,0,0,0,0,0,0,1,1,36,0,0,0,0,gross frictionless; epsilon-DCA theorem scope for guarded policies,descriptive across source aggregate cells; no cross-layer pooling
historical-monthly-robustness,Historical monthly robustness coverage,historical,registered robustness,0.25,corrected_guarded_vs_dca,complete-system performance,6,72,383,-0.023812646728313318561341965289423659194258941245029629812384195,-0.0481338209348548054116170571625615898345023718995411937533766,-0.00935895548258959735630874890148201173912769231130904339527885,-0.161080070260517548831304004443821155986659657435242513998281,0.202230723005163889028350116688858048363809040488929346550054,0.06106233087686685471952559124230245622373066981180793621081005,0.975132563991959651350662974157055101496091818580954397215652,0.0283564814814814814814814814814814814814814814814814814814833,36,-7692.8181549298239573783901027667782027762821358958121890243005,1755.211124038848957496647837093730779386520793946420441215075,-9448.029278968672914875037939860508982162802929842232630239526666666666666666666666666666666666666667,-1.51166666666666666666666666666666666666667E-55,gross frictionless; epsilon-DCA theorem scope for guarded policies,descriptive across source aggregate cells; no cross-layer pooling
historical-monthly-robustness,Historical monthly robustness coverage,historical,registered robustness,0.25,corrected_guarded_vs_neutral_guarded,corrected-mean signal contribution,6,72,383,-0.0016131986177161462395213622154432668505513942843704097116226155,-0.0058355480978338486533359977608845253626660930748765983798787,-0.0000735718990982651539995210933374515695898731591068961044203397,-0.0454705999549329515374191032331853723913752456035656174585534,0.0704719860796203657442632473732103663185856387632548434516532,0.06106233087686685471952559124230245622373066981180793621081005,0.975132563991959651350662974157055101496091818580954397215652,0.0283564814814814814814814814814814814814814814814814814814833,36,-1876.582786645094629307376890366661691749461381820989426658733716666666666666666666666666666666666667,755.3128746910256575576532896226368127054635054295791727840158,-2631.895661336120286865030179989298504454924887250568599442786566666666666666666666666666666666666667,-3.7050000000000000000000000000000000000000E-56,gross frictionless; epsilon-DCA theorem scope for guarded policies,descriptive across source aggregate cells; no cross-layer pooling
historical-monthly-robustness,Historical monthly robustness coverage,historical,registered robustness,0.25,neutral_guarded_vs_dca,safety-architecture behavior,6,72,383,-0.02430270213283429670634199155033740610451503064511554313421439,-0.0472164321823228253214675610645035336534846289178291376806173,-0.0090189638016169004587343031980834832600670610813817143677703,-0.122926396400592499228077193307384340333099363816944877165187,0.149976548551286556720474614006972297384388375817513998108035,0.0277777777772723453283216164381600269880139732288298387799642,0.9812178829192034727842782226434552643067514692921299125426915,0.0283564814814814814814814814814814814814814814814814814814833,36,-5816.235368284729328071013212400116511026820754074822762365635833333333333333333333333333333333333333,999.898249347823299938994547471093966681057288516841268431027,-6816.133617632552628010007759871210477707878042591664030796666666666666666666666666666666666666666667,-3.833333333333333333333333333333333333334E-57,gross frictionless; epsilon-DCA theorem scope for guarded policies,descriptive across source aggregate cells; no cross-layer pooling
historical-monthly-robustness,Historical monthly robustness coverage,historical,registered robustness,0.6,corrected_guarded_vs_dca,complete-system performance,6,72,383,-0.023103614979866700117790263165338443039471735386896162806821135,-0.04488424211995127112882993281500115749145796053093165755989,-0.00846330455992335126375959674531900941760215176955694560469124,-0.138950872693596335720678144468516265576988490564900492418784,0.181615718384766934664447281167726155573415838217497447383406,0.06106232311743423533088967545119842329069459530673507154597915,0.9751746271504144213246616569463620031693954521564858773541895,0.0960708597699370679872072629732796863716083771794078200763340,36,-7299.242922343887771351691611282967624154189008796452869634526883333333333333333333333333333333333333,1754.800183399112370491598712024316973796995668400980516396335,-9054.043105743000141843290323307284597951184677197433386030913333333333333333333333333333333333333333,-5.1450000000000000000000000000000000000000E-56,gross frictionless; epsilon-DCA theorem scope for guarded policies,descriptive across source aggregate cells; no cross-layer pooling
historical-monthly-robustness,Historical monthly robustness coverage,historical,registered robustness,0.6,corrected_guarded_vs_neutral_guarded,corrected-mean signal contribution,6,72,383,-0.0012932285115363596889194129894998439998963144426847941744159715,-0.0052448691100794270968911592025709802138918493340272438243128,-0.000083781743695138199274684303547549671459706178150054805165962,-0.0419106633047019949790938992670630347017058949374712651418524,0.0657120908606600035881355687227623098610624665867370751121444,0.06106232311743423533088967545119842329069459530673507154597915,0.9751746271504144213246616569463620031693954521564858773541895,0.0960708597699370679872072629732796863716083771794078200763340,36,-1843.455399351899617339166238574886155581765557787473621520284003333333333333333333333333333333333333,755.0669085863072141389275880566153879251443656322714614808299,-2598.522307938206831478093826631501543506909923419745083001123233333333333333333333333333333333333333,-9.330000000000000000000000000000000000000E-57,gross frictionless; epsilon-DCA theorem scope for guarded policies,descriptive across source aggregate cells; no cross-layer pooling
historical-monthly-robustness,Historical monthly robustness coverage,historical,registered robustness,0.6,neutral_guarded_vs_dca,safety-architecture behavior,6,72,383,-0.022756959974633879594942503073312458509353776309877642711686975,-0.0425856190242040727776592012299496008772212118462651068529354,-0.00846537406508890806707540077408890336173049682257876186706607,-0.106392414284731022936246563992827047999851336126808669429523,0.12540856793252960293129402802742488231136099812693087973897,0.02777777777644195826686610544333105202065171996139490819408265,0.981222223924514785447330073004747097583495121962230366868052,0.0930967418497885071701227690085628804291756937996492314040957,36,-5455.787522991988154012525372708081468572423451008979248114297083333333333333333333333333333333333333,999.7332748128051563526711239677015858718513027687090549155365,-6455.520797804793310365196496675783054444274753777688303029776666666666666666666666666666666666666667,5.6916666666666666666666666666666666666666E-56,gross frictionless; epsilon-DCA theorem scope for guarded policies,descriptive across source aggregate cells; no cross-layer pooling
historical-monthly-robustness,Historical monthly robustness coverage,historical,registered robustness,0.8,corrected_guarded_vs_dca,complete-system performance,6,72,383,-0.020090104885937881770772096376715192538762051759332045439712165,-0.0357782885833679728886110243306425585415829550320440399035608,-0.00643775373200289118737929749424368394175790933954343551004252,-0.109509703375546821618465334234897993806440264594569127100822,0.138117310013058473302888098155099674710486772471076383710961,0.06106218476303658231982198558407648471116552026122711403918165,0.9752628760785345719510312710753366647440957464266936199924205,0.2292585499845249148870318786753327143299288146084803466418965,36,-6340.804114742569976304021289544733252641597631443128393192074883333333333333333333333333333333333333,1746.752276192529424809858743410249798177791482705145903062923333333333333333333333333333333333333333,-8087.556390935099401113880032954983050819389114148274296255003333333333333333333333333333333333333333,-5.116666666666666666666666666666666666667E-57,gross frictionless; epsilon-DCA theorem scope for guarded policies,descriptive across source aggregate cells; no cross-layer pooling
historical-monthly-robustness,Historical monthly robustness coverage,historical,registered robustness,0.8,corrected_guarded_vs_neutral_guarded,corrected-mean signal contribution,6,72,383,-0.000562512718205109992390039648871602077107238380639894283945435,-0.00362382677542484601889836732156345088467286751378801615612664,-0.0000727138797760718241311442767359461339896764280383091791876513,-0.0396843400738608690050606328224843247468404487461337961893432,0.0507512259938842390508468451969510010110860383833480675306043,0.06106218476303658231982198558407648471116552026122711403918165,0.9752628760785345719510312710753366647440957464266936199924205,0.2292585499845249148870318786753327143299288146084803466418965,36,-1650.40867018163511635474700662314195074801510734841589153573214,751.5690624806687899122815804384377090596987022003958779753331333333333333333333333333333333333333333,-2401.9777326623039062670285870615796598077138095488117695110871,-2.1826666666666666666666666666666666666667E-56,gross frictionless; epsilon-DCA theorem scope for guarded policies,descriptive across source aggregate cells; no cross-layer pooling
historical-monthly-robustness,Historical monthly robustness coverage,historical,registered robustness,0.8,neutral_guarded_vs_dca,safety-architecture behavior,6,72,383,-0.01940147153621073545695829179428744862057584883842937758061119,-0.0357437806682192813379887411460384864049285585342260229691002,-0.00647925736081562907239437316956694746067070887643737780086461,-0.07921642706103646550413898031619457265823619643042784813903,0.0922017442218370314767060234574318675743485225113351589634103,0.02777777775020500076200530896892170279441278344197838980760105,0.981232536432666746701914531912935551990205250499742592184125,0.221818016223047560094913855359537810791292685443103270401312,36,-4690.395444560934859949274282921591301893582524094712501656351666666666666666666666666666666666666667,995.1832137118606348975771629718120891180927805047500250875896666666666666666666666666666666666666667,-5685.57865827279549484685144589340339101167530459946252674400,-5.8666666666666666666666666666666666666666E-56,gross frictionless; epsilon-DCA theorem scope for guarded policies,descriptive across source aggregate cells; no cross-layer pooling
historical-monthly-robustness,Historical monthly robustness coverage,historical,registered robustness,0.95,corrected_guarded_vs_dca,complete-system performance,6,72,383,-0.007313239062561138983333562929209422421873365681996450952278865,-0.0218166893540243770196853324292214165756259353848828957129634,-0.00167633175649018093338719698112947727140418309128811366951839,-0.0415986715289633873074524915834176215489080687756840548352302,0.0461564100246273262635687917201166747880102101663418981685971,0.0322842365816231802655079316694756475909484838532242983438373,0.979391052480134369473155451653929359743354104744790930850762,0.9608669755235737129887547714845764985040751057464149386154865,36,-2908.155173189482153364405990953160752610366905687360333507387316666666666666666666666666666666666667,1348.994734766272906794824055470747805115441196375474744488852833333333333333333333333333333333333333,-4257.149907955755060159230046423908557725808102062835077996247,-6.850000000000000000000000000000000000000E-57,gross frictionless; epsilon-DCA theorem scope for guarded policies,descriptive across source aggregate cells; no cross-layer pooling
historical-monthly-robustness,Historical monthly robustness coverage,historical,registered robustness,0.95,corrected_guarded_vs_neutral_guarded,corrected-mean signal contribution,6,72,383,-0.0005058454448416273986293795247052733216687103358444690139236075,-0.00366310545267078489402493127156428582714494115310052930410437,-0.0000121905628422187845257806299003539653658450039221380473230327,-0.0113588174267956112199331297829083928937333032793908679947755,0.0162644681207734759094287451456647138047264751273713845543754,0.0322842365816231802655079316694756475909484838532242983438373,0.979391052480134369473155451653929359743354104744790930850762,0.9608669755235737129887547714845764985040751057464149386154865,36,-597.9797352142159276646697411623424586348847970492364778982365943333333333333333333333333333333333333,578.379773308437988361951385416543297515326851348984780463927345,-1176.359508522653916026621126578885756150211648398221258362161818333333333333333333333333333333333333,2.1210000000000000000000000000000000000003E-57,gross frictionless; epsilon-DCA theorem scope for guarded policies,descriptive across source aggregate cells; no cross-layer pooling
historical-monthly-robustness,Historical monthly robustness coverage,historical,registered robustness,0.95,neutral_guarded_vs_dca,safety-architecture behavior,6,72,383,-0.007029229605031501483510523544014807193946681272884543176466225,-0.0185080740908623205681049849266512155158573153319198070091932,-0.00170040467082231036261436922762706629858286020257009399969692,-0.0304047491824850472286316619916496117976666307283800454379139,0.0311272823457136873073289539688078217202637280440558126016062,0.02607267736135667872622395886757629441230831773909713257432305,0.982511164223342497081209995727555977059064827378174188297706,0.8302588691581553698545341999380996595481275147013308573196695,36,-2310.175437975266225699736249790818293975482108638123855609161583333333333333333333333333333333333333,770.614961457834918432872670054204507600114345026489964024915,-3080.790399433101144132608919845022801575596453664613819634125333333333333333333333333333333333333333,-4.8750000000000000000000000000000000000000E-56,gross frictionless; epsilon-DCA theorem scope for guarded policies,descriptive across source aggregate cells; no cross-layer pooling
historical-monthly-robustness,Historical monthly robustness coverage,historical,registered robustness,0.99,corrected_guarded_vs_dca,complete-system performance,6,72,383,-0.001525008660013960593913180016123276944590662518453289392125165,-0.00478212855779728549325682218984380378558241919995070011599314,-0.000335266351298036186677439396225895454280836618257622733906788,-0.00863477175260231779793367769160043591332151537043478254347023,0.00923128200492546525271375834402333495760204203326837963372195,0.00670280139274414757526209524322558109931698478490868864554294,0.9952810391038668663947698821919597512571115213960070227001165,1,36,-648.76838157760759485454603746428537021683642534221157439174525,332.2005039340241375985014536522635467923962226947152748628200833333333333333333333333333333333333333,-980.9688855116317324530474911165489170092326480369268492545649333333333333333333333333333333333333333,4.000000000000000000000000000000000000000E-58,gross frictionless; epsilon-DCA theorem scope for guarded policies,descriptive across source aggregate cells; no cross-layer pooling
historical-monthly-robustness,Historical monthly robustness coverage,historical,registered robustness,0.99,corrected_guarded_vs_neutral_guarded,corrected-mean signal contribution,6,72,383,-0.00008210597495502561450744188298441594983998115317321207766850595,-0.00058849535210303095703376931847391341218264280577024986425423,-0.00000243459095271114837484611872917363329634841216369913410436048,-0.00156121876560544948231870514925525353179886961814728754664403,0.00160108638421612659309313781018661105147317142803165601289317,0.00670280139274414757526209524322558109931698478490868864554294,0.9952810391038668663947698821919597512571115213960070227001165,1,36,-102.7643845346360871775937699374475314151629170709639719223513552833333333333333333333333333333333333,41.69785581377077936893889667028288103701697313458304764625451166666666666666666666666666666666666667,-144.4622403484068665465326666077304124521798902055470195686161766666666666666666666666666666666666667,-1.03097166666666666666666666666666666666667E-56,gross frictionless; epsilon-DCA theorem scope for guarded policies,descriptive across source aggregate cells; no cross-layer pooling
historical-monthly-robustness,Historical monthly robustness coverage,historical,registered robustness,0.99,neutral_guarded_vs_dca,safety-architecture behavior,6,72,383,-0.00147414198810755214085860708343043192313262854124412467721929,-0.00420339705531431923887777001251166238610578319329570127334384,-0.000340080934164462072522873845525413259716572040514018799942479,-0.00717213401514002058119527796796837162332338078497683697908302,0.007900502087282020765267686729214900819251691819740885746254,0.00596385455371106201754156231632721237123979118045317056182372,0.995619304166345111186782906142613264617819573086047431483633,1,36,-546.0039970429715076769522675268378388016735082712476024693951416666666666666666666666666666666666667,290.50264812025335822956255698198066575537924956013222721656345,-836.5066451632248659065148245088185045570527578313798296859440666666666666666666666666666666666666667,1.45250000000000000000000000000000000000000E-56,gross frictionless; epsilon-DCA theorem scope for guarded policies,descriptive across source aggregate cells; no cross-layer pooling
historical-monthly-robustness,Historical monthly robustness coverage,historical,registered robustness,1,corrected_guarded_vs_dca,complete-system performance,6,72,383,0,0,0,0,0,0,1,1,36,0,0,0,0,gross frictionless; epsilon-DCA theorem scope for guarded policies,descriptive across source aggregate cells; no cross-layer pooling
historical-monthly-robustness,Historical monthly robustness coverage,historical,registered robustness,1,corrected_guarded_vs_neutral_guarded,corrected-mean signal contribution,6,72,383,0,0,0,0,0,0,1,1,36,0,0,0,0,gross frictionless; epsilon-DCA theorem scope for guarded policies,descriptive across source aggregate cells; no cross-layer pooling
historical-monthly-robustness,Historical monthly robustness coverage,historical,registered robustness,1,neutral_guarded_vs_dca,safety-architecture behavior,6,72,383,0,0,0,0,0,0,1,1,36,0,0,0,0,gross frictionless; epsilon-DCA theorem scope for guarded policies,descriptive across source aggregate cells; no cross-layer pooling
historical-quarterly-robustness,Historical quarterly robustness horizons,historical,registered robustness,0.25,corrected_guarded_vs_dca,complete-system performance,6,4,130,-0.0420858225487035492580371734965266441143145350775883828685445,-0.234840690805062833289561673682323843177716042519542029296552,-0.0183103513590694757700677865429465106222639309753958583921,-0.273824646476994240079539936623686084376418103905775839852345,0.321581698069030574772215274471347013329387012935933156128862,0.1934745960584905468426026927759944908476124975782225770530455,0.887410780985130512499453667856611404327553463639911746106084,0.1319444444444444444444444444444444444444444444444444444444445,8,-85283.0278071528252527339813786291884772847489110001436533950013,2141.269315698144348284063117582021991808461983373855606763208166666666666666666666666666666666666667,-87424.29712285096960101804449621121046909321089437399926015839216666666666666666666666666666666666667,-1.8270000000000000000000000000000000000000E-55,gross frictionless; epsilon-DCA theorem scope for guarded policies,descriptive across source aggregate cells; no cross-layer pooling
historical-quarterly-robustness,Historical quarterly robustness horizons,historical,registered robustness,0.25,corrected_guarded_vs_neutral_guarded,corrected-mean signal contribution,6,4,130,-0.002241062184120712222882745761752364974836106698249600964899875,-0.092164018038804945521907835142300847070760889781367377266065,0.00056980685537117546031452573878663325158878875130113254889053,-0.0991071559563597745926138266340156908574842599934072054913655,0.0999267570576823295196818216985891515851012788434616682458093,0.1934745960584905468426026927759944908476124975782225770530455,0.887410780985130512499453667856611404327553463639911746106084,0.1319444444444444444444444444444444444444444444444444444444445,8,-28098.65545558593643307977485590883653631883780235455544450744591666666666666666666666666666666666667,1247.516491591078863212809873461926017675759819773060693006805311666666666666666666666666666666666667,-29346.17194717701529629258472937076255399459762212761613751442242166666666666666666666666666666666667,-1.7119333333333333333333333333333333333333E-55,gross frictionless; epsilon-DCA theorem scope for guarded policies,descriptive across source aggregate cells; no cross-layer pooling
historical-quarterly-robustness,Historical quarterly robustness horizons,historical,registered robustness,0.25,neutral_guarded_vs_dca,safety-architecture behavior,6,4,130,-0.0434118994314023651435256383528159345830552420384376131847728,-0.157180528770477490064713527579264499573965244726710007861303,-0.0183161464433923613852701475356600813285020964711904655904351,-0.238526716415588680226322646456103186958101113964562123728974,0.273825858816137016013187660077394951199914134355076366994156,0.1243866078344809249568851762303720498876546101136882011473415,0.9061858200914601988206543147560746074798059207181012022320525,0.1319444444444444444444444444444444444444444444444444444444445,8,-57184.37235156688881965420652272035194096591110864558820888755413333333333333333333333333333333333333,893.7528241070654850712532441200959741327021636007949137564076666666666666666666666666666666666666667,-58078.12517567395430472545976684044791509861327224638312264397766666666666666666666666666666666666667,-1.586666666666666666666666666666666666667E-56,gross frictionless; epsilon-DCA theorem scope for guarded policies,descriptive across source aggregate cells; no cross-layer pooling
historical-quarterly-robustness,Historical quarterly robustness horizons,historical,registered robustness,0.5,corrected_guarded_vs_dca,complete-system performance,6,4,130,-0.0302844906385201081418541644079749858424398510057853898226168,-0.220839954243551167262530854444509061893505397289931515506932,-0.0130144293646792166380102599599870950954556389526333156164082,-0.237463758209373970583799129648160461989225032740652802363633,0.258745018826794647816305333420539978598074390384625786094401,0.192795264950335000697507671662440008263838805812763146727999,0.888935069204130961189359199046722175921468834800668931464787,0.297491039426523297491039426523297491039426523297491039426523,8,-80899.58898266535064688549976462138956766070884111577804307709943333333333333333333333333333333333333,2081.192834547074685390203568080041632701073192345610146289519666666666666666666666666666666666666667,-82980.78181721242533227570333270143120036178203346138818936660733333333333333333333333333333333333333,1.176666666666666666666666666666666666667E-56,gross frictionless; epsilon-DCA theorem scope for guarded policies,descriptive across source aggregate cells; no cross-layer pooling
historical-quarterly-robustness,Historical quarterly robustness horizons,historical,registered robustness,0.5,corrected_guarded_vs_neutral_guarded,corrected-mean signal contribution,6,4,130,-0.002193760720847778238653817863301792330947303317154589359768485,-0.0895419959797290106670065268365277444210442603262191948868535,0.000432996423121430088677481332707989551926493651954381425923558,-0.091652667780604171233020761325052026785555553784337518951569,0.0943770487954475143482884393569146810365206568924067391899862,0.192795264950335000697507671662440008263838805812763146727999,0.888935069204130961189359199046722175921468834800668931464787,0.297491039426523297491039426523297491039426523297491039426523,8,-27527.530946127408642222753348101679028402757849995656087327273018,1245.743736603099919928600771400297641540135311976178936508401678333333333333333333333333333333333333,-28773.27468273050856215135411950197666994289316197183502383614501333333333333333333333333333333333333,-4.7031700000000000000000000000000000000000E-55,gross frictionless; epsilon-DCA theorem scope for guarded policies,descriptive across source aggregate cells; no cross-layer pooling
historical-quarterly-robustness,Historical quarterly robustness horizons,historical,registered robustness,0.5,neutral_guarded_vs_dca,safety-architecture behavior,6,4,130,-0.0308750922942071839874709373248326527395285701548955397828026,-0.144215732279196629017938155717243127407047884710666090768298,-0.0128760967502271773842550761091264230000465460587752179887514,-0.181679609358314606794273984689462393449454220407058436049555,0.216990336375807669520834039658275360202673204720130781264626,0.1239982667222024506876412996771231885065128748310082344438375,0.907036516690981056214766119645001896030509664819421509299697,0.2884744623655913978494623655913978494623655913978494623655915,8,-53372.05803653794200466274641651971053925795099112012195574982455,835.4490979439747654616027966797439911609378803694312097811185,-54207.50713448191677012434921319945453041888887148955316553029416666666666666666666666666666666666667,6.4888333333333333333333333333333333333333E-55,gross frictionless; epsilon-DCA theorem scope for guarded policies,descriptive across source aggregate cells; no cross-layer pooling
historical-quarterly-robustness,Historical quarterly robustness horizons,historical,registered robustness,0.6,corrected_guarded_vs_dca,complete-system performance,6,4,130,-0.0250159628141779677311988088054838647249189824228963084033302,-0.209062357068761259008679938974450895411031676929528089035096,-0.0104115434917433733104082079679896760763645111621066524931266,-0.214820356290867498792411012049641394256632073761164653969613,0.235056141732185299374320231379899915923362802224641960846134,0.191908747510609431416691940051802505323404161457965384003695,0.8903800882127669421713214820015077883785096340529915485489615,0.4036178315412186379928315412186379928315412186379928315412185,8,-76927.05406570627474033824344193164850472552866446001198168308301666666666666666666666666666666666667,2043.320874980140939623635600479649882281929743421585472430830166666666666666666666666666666666666667,-78970.37494068641567996187904241129838700745840788159745411395866666666666666666666666666666666666667,-4.548333333333333333333333333333333333333E-56,gross frictionless; epsilon-DCA theorem scope for guarded policies,descriptive across source aggregate cells; no cross-layer pooling
historical-quarterly-robustness,Historical quarterly robustness horizons,historical,registered robustness,0.6,corrected_guarded_vs_neutral_guarded,corrected-mean signal contribution,6,4,130,-0.00213018847662952807778621112384409897945794725098172858451066,-0.084656370357720210957989624459249324289645507955224152969953,0.000345677840699586779402037850297022370478980502041540031154401,-0.0892941827808580156630348017320530840329343136971184655609422,0.0899478797403584608942800847044996763080122875196685968130858,0.191908747510609431416691940051802505323404161457965384003695,0.8903800882127669421713214820015077883785096340529915485489615,0.4036178315412186379928315412186379928315412186379928315412185,8,-27112.93278631561098598864863380278846725865377938793782410690855633333333333333333333333333333333333,1242.770201868779330907667558812437747615362181114608289774332301666666666666666666666666666666666667,-28355.70298818439031689631619261522621487401596050254611388129933,-5.847200000000000000000000000000000000000E-56,gross frictionless; epsilon-DCA theorem scope for guarded policies,descriptive across source aggregate cells; no cross-layer pooling
historical-quarterly-robustness,Historical quarterly robustness horizons,historical,registered robustness,0.6,neutral_guarded_vs_dca,safety-architecture behavior,6,4,130,-0.02630501310091544233630044640232766607665028213786057001601825,-0.13380793028716703796206429450039630457510063818198158745772,-0.0103008774001817419074040608873011384000372368470201743910006,-0.159843874855830717368492720241580103606631056763617513337882,0.173592269100646135616667231726620288162138563776104625011702,0.123387022584014455217069059924600786340933076899806944237540,0.9078822404703483234409104394980611436037749996441787209474505,0.3893929211469534050179211469534050179211469534050179211469535,8,-49814.12127939066375434959480812886003746687488507207415757634258333333333333333333333333333333333333,800.5506731113616087159680416672121346665675623069771826564855,-50614.671952502025363065562849796072172133442447379051340232830,-1.91666666666666666666666666666666666667E-57,gross frictionless; epsilon-DCA theorem scope for guarded policies,descriptive across source aggregate cells; no cross-layer pooling
historical-quarterly-robustness,Historical quarterly robustness horizons,historical,registered robustness,0.75,corrected_guarded_vs_dca,complete-system performance,6,4,130,-0.01907007729126726238094945701898221876014361338642724353470725,-0.17216519218540472081377273365635997984317131572011626629284,-0.0065072146823396083190051299799935475477278194763166578082053,-0.175801808286884288242176491932161796366596463935878117048721,0.187909803588702597292863557775072272329812873002210225530206,0.1366120333783165483451401856160925766614263835586879471246725,0.898482455330917909215800723364518088228354287142348964442894,0.731518817204301075268817204301075268817204301075268817204301,8,-64797.76487182278423702591785094829093594699979599037511387263113333333333333333333333333333333333333,1961.839164874909081340179425095619596356816148286469191176857666666666666666666666666666666666666667,-66759.60403669769331836609727604391053230381594427684430504938183333333333333333333333333333333333333,1.0696666666666666666666666666666666666667E-55,gross frictionless; epsilon-DCA theorem scope for guarded policies,descriptive across source aggregate cells; no cross-layer pooling
historical-quarterly-robustness,Historical quarterly robustness horizons,historical,registered robustness,0.75,corrected_guarded_vs_neutral_guarded,corrected-mean signal contribution,6,4,130,-0.00172140564281160341936937257843988818986212471083065936521123,-0.0708935508395664562545861373812101882464725070085031593440605,0.000215406351774402585817666488465733575865335001967454130108405,-0.074573841024174214768549969059612950070172852519268103406689,0.0748510595068467494170321971055725487360686336274891929812158,0.1366120333783165483451401856160925766614263835586879471246725,0.898482455330917909215800723364518088228354287142348964442894,0.731518817204301075268817204301075268817204301075268817204301,8,-23372.55110125883103201066812609141764829775558594130464551331257583333333333333333333333333333333333,1227.643969950850769213764572610395800749501887678874919471622071666666666666666666666666666666666667,-24600.19507120968180122443269870181344904725747362017956498502716666666666666666666666666666666666667,-9.251916666666666666666666666666666666667E-56,gross frictionless; epsilon-DCA theorem scope for guarded policies,descriptive across source aggregate cells; no cross-layer pooling
historical-quarterly-robustness,Historical quarterly robustness horizons,historical,registered robustness,0.75,neutral_guarded_vs_dca,safety-architecture behavior,6,4,130,-0.0191346292184449914646378886582269800340669705374404405698441,-0.111164292160395503727203909060878258701496151652256229055308,-0.00643804837511358869212753805456321150002327302938760899437685,-0.120784298210613182505389113811850506669744194149945493447686,0.128687407632623136877202738165742342676435680836858615980383,0.1179266042207474343167889983797783062106944619510368478261385,0.913556766663929801663580092211455554030397135173094018701981,0.691644265232974910394265232974910394265232974910394265232975,8,-41425.21377056395320501524972485687328764924421004907046835948686666666666666666666666666666666666667,734.1951949240583121264148524852237956073142606075942717052366666666666666666666666666666666666666667,-42159.408965488011517141664577342097083256558470656664740064346,3.7753333333333333333333333333333333333334E-55,gross frictionless; epsilon-DCA theorem scope for guarded policies,descriptive across source aggregate cells; no cross-layer pooling
historical-quarterly-robustness,Historical quarterly robustness horizons,historical,registered robustness,0.8,corrected_guarded_vs_dca,complete-system performance,6,4,130,-0.0171512166858138244646055240832995879308292191202444447243235,-0.153074348357186622738102780974870792588690179394631980648227,-0.0052057717458716866552041039839948380381822555810533262465609,-0.154019305473704574508709591627839400065848062858311746496418,0.157727841054507548941817416496956149682071789522350010288812,0.113459125444476220905779232730903052182580274143515485227150,0.9127202757429064119511525118683060770349388509895862739788525,0.914146505376344086021505376344086021505376344086021505376344,8,-57144.85642840551975726074955510222388079964461105308016230583894166666666666666666666666666666666667,1896.503647383194630381696301164147304413086974905537740305910,-59041.36007578871438764244585626637118521273158595861790261136166666666666666666666666666666666666667,3.8727500000000000000000000000000000000000E-55,gross frictionless; epsilon-DCA theorem scope for guarded policies,descriptive across source aggregate cells; no cross-layer pooling
historical-quarterly-robustness,Historical quarterly robustness horizons,historical,registered robustness,0.8,corrected_guarded_vs_neutral_guarded,corrected-mean signal contribution,6,4,130,-0.001521838296245657352302806802616017645741423822686689799882516,-0.0606823124439834067601919593119137873101691162022640027710355,0.00017216049645749056183692350835933601893041350692686790900804,-0.0644069327629527831096348432741014921831762600961347825445005,0.0648723665194107088485763712912562414163816736433115936161051,0.113459125444476220905779232730903052182580274143515485227150,0.9127202757429064119511525118683060770349388509895862739788525,0.914146505376344086021505376344086021505376344086021505376344,8,-20164.81784322678356197737253549052158013238798118968393926051269433333333333333333333333333333333333,1204.706279985635955782962285259322547105166538540695302414284223333333333333333333333333333333333333,-21369.52412321241951776033482074984412723755451973037924167449108666666666666666666666666666666666667,3.0583099999999999999999999999999999999999E-55,gross frictionless; epsilon-DCA theorem scope for guarded policies,descriptive across source aggregate cells; no cross-layer pooling
historical-quarterly-robustness,Historical quarterly robustness horizons,historical,registered robustness,0.8,neutral_guarded_vs_dca,safety-architecture behavior,6,4,130,-0.0169801034254598500309363615006728214044987099165802474439731,-0.099182299010669472644993007371818994847874965561250248295801,-0.0051504387000908709537020304436505692000186184235100871954991,-0.103622403507930906707473393941421727861820875349380051135426,0.113530794215335566414171733050153127749082930225495520599102,0.102660060895302804207255305018759763052553500183802228211853,0.924057585975261723506016254535517770776404241292889011756521,0.853942652329749103942652329749103942652329749103942652329749,8,-36980.038585178736195283377019611702300667256629863396223045326635,691.7973673975586745987340159048247573079204363648424378916341666666666666666666666666666666666666667,-37671.83595257629486988211103551652705797517706622823866093704233333333333333333333333333333333333333,-8.153166666666666666666666666666666666666E-56,gross frictionless; epsilon-DCA theorem scope for guarded policies,descriptive across source aggregate cells; no cross-layer pooling
historical-quarterly-robustness,Historical quarterly robustness horizons,historical,registered robustness,0.9,corrected_guarded_vs_dca,complete-system performance,6,4,130,-0.011941996457998832462226343026222455366553993306462869046828,-0.0894120386695048935048574937758458320786478488756163247511745,-0.00260288587293584332760205199199741901909112779052666312328164,-0.0912361726835817939852680735791166290349483038020342381161088,0.0914304236520384175335482294206459766017931277995892852269248,0.05673944673398041532024191686228562286572352472269119827565295,0.9547061635128292279042962143952072781025073487047690922781345,0.996527777777777777777777777777777777777777777777777777777778,8,-33599.20355525846643744500765775595316607157503101287379220074920333333333333333333333333333333333333,1676.935119410735379873809750784811564736607460437944400218992333333333333333333333333333333333333333,-35276.13867466920181731881740854076473080818249145081819241992366666666666666666666666666666666666667,-1.8213000000000000000000000000000000000001E-55,gross frictionless; epsilon-DCA theorem scope for guarded policies,descriptive across source aggregate cells; no cross-layer pooling
historical-quarterly-robustness,Historical quarterly robustness horizons,historical,registered robustness,0.9,corrected_guarded_vs_neutral_guarded,corrected-mean signal contribution,6,4,130,-0.001237997291683372417908599191000297893783014621881166383704039,-0.0287576916998766171277871554213301498715290766578447295095312,0.000085920582380415614144216007330892792393330139777551198439149,-0.0306776286120975480600161367485637216876739239591211438216873,0.0309162205899848298177144233149878813587985854357460071902592,0.05673944673398041532024191686228562286572352472269119827565295,0.9547061635128292279042962143952072781025073487047690922781345,0.996527777777777777777777777777777777777777777777777777777778,8,-10086.7366515132968270592086091111896680274521768204955642599555518,1139.167127871703892604811512112028556428377024407253787630664263333333333333333333333333333333333333,-11225.90377938500071966402012122321822445582920122774935189084505166666666666666666666666666666666667,-2.2523653333333333333333333333333333333334E-55,gross frictionless; epsilon-DCA theorem scope for guarded policies,descriptive across source aggregate cells; no cross-layer pooling
historical-quarterly-robustness,Historical quarterly robustness horizons,historical,registered robustness,0.9,neutral_guarded_vs_dca,safety-architecture behavior,6,4,130,-0.01128976735283144961546779344209443052299693781797982796325645,-0.0623492819853351418298521456667289655593223940649700302924635,-0.00257521935004543547685101522182528460000930921175504359775074,-0.0626166385600965477955226744349892183073106785860902895674052,0.0667598221147468382059529240373044662288682772252075611766749,0.05142805565016513767714383860286651612117766780665521260979995,0.958977357302875673604641818430101282423813656038140691890502,0.9739583333333333333333333333333333333333333333333333333333335,8,-23512.46690374516961038579904864476349804412285419237822794079596333333333333333333333333333333333333,537.7679915390314872689982386727830083082304360306906125883248333333333333333333333333333333333333333,-24050.23489528420109765479728731754650635235329022306884052898783333333333333333333333333333333333333,1.3296333333333333333333333333333333333333E-55,gross frictionless; epsilon-DCA theorem scope for guarded policies,descriptive across source aggregate cells; no cross-layer pooling
historical-quarterly-robustness,Historical quarterly robustness horizons,historical,registered robustness,0.95,corrected_guarded_vs_dca,complete-system performance,6,4,130,-0.00740429613182470096320406787865752820511729427897246186500576,-0.0469144375270981022600815836807696641359611798759235535724584,-0.00130144293646792166380102599599870950954556389526333156163963,-0.0474365422562277108054390621682186547974410917598856965021221,0.0475267029111554662932374567208388108683599952196562269811353,0.03234812244810272784138653701843313844135215976231984558569495,0.9768187095994019026936551106915871040311730815839661737951285,1,8,-17702.58313846194665476527854987507932340534872085772745309927563,1362.2089273755795514967040950855035099661749826189358461947383,-19064.79206583752620626198264496058283337152370347666329929465193333333333333333333333333333333333333,-6.3800333333333333333333333333333333333333E-55,gross frictionless; epsilon-DCA theorem scope for guarded policies,descriptive across source aggregate cells; no cross-layer pooling
historical-quarterly-robustness,Historical quarterly robustness horizons,historical,registered robustness,0.95,corrected_guarded_vs_neutral_guarded,corrected-mean signal contribution,6,4,130,-0.000685397209916226323091495034765805293172358714959373558168293,-0.0114599442522192580125180570947045585467349301344834494310454,0.0000429215880818706220397186776434162036102819550475594505549755,-0.0118244083203817758394622024977022692591375532355431364540494,0.0118465370136144868294315195373770620472603092799782531043358,0.03234812244810272784138653701843313844135215976231984558569495,0.9768187095994019026936551106915871040311730815839661737951285,1,8,-4126.14840256133646887629245669745403123413914653126735258104777205,923.7781934635698093182102658024360155302282645640101720997086215,-5049.926596024906278194502722499890046764367411095277524681782422666666666666666666666666666666666667,-1.026029116666666666666666666666666666666667E-54,gross frictionless; epsilon-DCA theorem scope for guarded policies,descriptive across source aggregate cells; no cross-layer pooling
historical-quarterly-robustness,Historical quarterly robustness horizons,historical,registered robustness,0.95,neutral_guarded_vs_dca,safety-architecture behavior,6,4,130,-0.007103032511084797751897983198923125918472344206728480006451615,-0.0361695494755905621650037834223192170473451204163301078534992,-0.00128760967502271773842550761091264230000465460587752179887537,-0.0364066145647774110468031738874931829665332278468053613199514,0.036433934643434757211849641024441538892422197611495656074156,0.02571402782508256883857191930143325806058883390332760630489935,0.9792717051438969384501318439341600259968616056467359385527615,0.996527777777777777777777777777777777777777777777777777777778,8,-13576.43473590061018588898609317762529217120957432646010051822774833333333333333333333333333333333333,438.4307339120097421784938292830674944359467180549256740950362,-14014.86546981261992806747992246069278660715629238138577461287291666666666666666666666666666666666667,3.9103166666666666666666666666666666666666E-55,gross frictionless; epsilon-DCA theorem scope for guarded policies,descriptive across source aggregate cells; no cross-layer pooling
historical-quarterly-robustness,Historical quarterly robustness horizons,historical,registered robustness,0.99,corrected_guarded_vs_dca,complete-system performance,6,4,130,-0.001482607757201289629939310414496813603988134264042302366785935,-0.0094301932531719800691186612862341088168374048421314896260948,-0.000260288587293584332760205199199741901909112779052666312327927,-0.00951978613526244410093462638490806818367042336066041724056288,0.00953504166052331812845219398004929905828001005126639995882617,0.006563694542056383544131607765639644583420491461334507837020745,0.9953130951673467247581130110053976336298229990191423140753515,1,8,-3559.658247187760354588647616414047811454975641707284170256884738,257.1236958753452769836438705928712331510194112768782938338416,-3816.78194306310563157229148700691904460599505298416246409103285,-3.06512E-55,gross frictionless; epsilon-DCA theorem scope for guarded policies,descriptive across source aggregate cells; no cross-layer pooling
historical-quarterly-robustness,Historical quarterly robustness horizons,historical,registered robustness,0.99,corrected_guarded_vs_neutral_guarded,corrected-mean signal contribution,6,4,130,-0.0001159295857459496319339122559214856698733148405014146053382298,-0.00164937915267134184574249442283683352783780987779853216708711,0.00000857824013686135862187459896386412000243115670109263700099765,-0.00175254424817496346191476646585951432221335700764320391401171,0.00176889191513317059260198849402450645407852904072717032346219,0.006563694542056383544131607765639644583420491461334507837020745,0.9953130951673467247581130110053976336298229990191423140753515,1,8,-621.8739941404625816671216151796012286890203736909750723156973278583333333333333333333333333333333333,27.5558237339269930579147447947656142352127392747179799039607105,-649.429817874389574725036359974366842924233112965693052220150517,-4.924786416666666666666666666666666666666667E-55,gross frictionless; epsilon-DCA theorem scope for guarded policies,descriptive across source aggregate cells; no cross-layer pooling
historical-quarterly-robustness,Historical quarterly robustness horizons,historical,registered robustness,0.99,neutral_guarded_vs_dca,safety-architecture behavior,6,4,130,-0.0014555229245108312896660926640569123075420745577670554466457975,-0.00779908757782229983385414992043700835184146300166506655555485,-0.000257521935004543547685101522182528460000930921175504359776022,-0.00789455280913009195717215698324402648074561065408682664180102,0.00790915274551953006711033484398288294025786479198933429128342,0.00579189026975220690461745843505678609058248116729833496525576,0.995728243069046572250057548898892487418187483654062887331395,1,8,-2937.784253047297772921526001234446582765955268016309097941187358666666666666666666666666666666666667,229.5678721414182839257291257981056189158066720021603139298816,-3167.352125188716056847255127032552201681761940018469411870898816666666666666666666666666666666666667,1.70142000000000000000000000000000000000000E-55,gross frictionless; epsilon-DCA theorem scope for guarded policies,descriptive across source aggregate cells; no cross-layer pooling
historical-quarterly-robustness,Historical quarterly robustness horizons,historical,registered robustness,1,corrected_guarded_vs_dca,complete-system performance,6,4,130,0,0,0,0,0,0,1,1,8,0,0,0,0,gross frictionless; epsilon-DCA theorem scope for guarded policies,descriptive across source aggregate cells; no cross-layer pooling
historical-quarterly-robustness,Historical quarterly robustness horizons,historical,registered robustness,1,corrected_guarded_vs_neutral_guarded,corrected-mean signal contribution,6,4,130,0,0,0,0,0,0,1,1,8,0,0,0,0,gross frictionless; epsilon-DCA theorem scope for guarded policies,descriptive across source aggregate cells; no cross-layer pooling
historical-quarterly-robustness,Historical quarterly robustness horizons,historical,registered robustness,1,neutral_guarded_vs_dca,safety-architecture behavior,6,4,130,0,0,0,0,0,0,1,1,8,0,0,0,0,gross frictionless; epsilon-DCA theorem scope for guarded policies,descriptive across source aggregate cells; no cross-layer pooling
