slice_id,label,evidence_layer,analysis_tier,evidence_scope,coverage,comparison,comparison_role,cell_count,sample_count_minimum,sample_count_maximum,median_of_cell_medians,minimum_cell_median,maximum_cell_median,minimum_cell_downside_0.05,maximum_worst_observed_relative_shortfall,median_left_cash_drag,median_left_asset_exposure,median_left_guardrail_activation_frequency,median_left_guardrail_floor_per_deposit,median_left_purchase_count,mean_terminal_wealth_gap_per_contributed_capital,mean_cash_contribution_per_contributed_capital,mean_unit_contribution_per_contributed_capital,normalized_cash_unit_identity_residual,cost_scope,aggregation
deterministic-primary,Deterministic primary catalog,deterministic,primary,deterministic stress evidence,0.5,corrected_guarded_vs_dca,complete-system performance,14,1,1,-0.008594244604942299556429631493807882819911366824341222407853395,-0.085645614130186013650917330385786707094025698463418838593974,0.348798972438855647429887465699459992702303997273286110162718,-0.085645614130186013650917330385786707094025698463418838593974,0.085645614130186013650917330385786707094025698463418838593974,0.157084609419000129523775920850193719277492225936740787980269,0.8477506322325302627321346943275499484199981789721210749202165,0.428571428571428571428571428571428571428571428571428571428571,0.14375,5.5,-0.01269764137437193338779230525097476186837105609824219966612045238095238095238095238095238095238095238,0.1687643917082946525153798527691145557235905937631405221935755687074829931972789115646258503401360544,-0.1814620330826665859031721580200893175919616498613827218596960210884353741496598639455782312925170069,-1.2E-100,gross frictionless; epsilon-DCA theorem scope for guarded policies,descriptive across source aggregate cells; no cross-layer pooling
deterministic-primary,Deterministic primary catalog,deterministic,primary,deterministic stress evidence,0.5,corrected_guarded_vs_neutral_guarded,corrected-mean signal contribution,14,1,1,0.00422758127929904030927094850481012680240755429183000663449179,-0.0557683976320804647268305226717346024278133518284169729606172,0.0276704001336416247252564999279123900030986079994271082613926,-0.0557683976320804647268305226717346024278133518284169729606172,0.0557683976320804647268305226717346024278133518284169729606172,0.157084609419000129523775920850193719277492225936740787980269,0.8477506322325302627321346943275499484199981789721210749202165,0.428571428571428571428571428571428571428571428571428571428571,0.14375,5.5,0.004287073947803923944385944740481631637834851480733962260954500000000000000000000000000000000000000001,-0.0003507235731652730458836411774398158695860338967370563537164244897959183673469387755102040816326530616,0.004637797520969196990269585917921447507420885377471018614670924489795918367346938775510204081632653062,-1E-102,gross frictionless; epsilon-DCA theorem scope for guarded policies,descriptive across source aggregate cells; no cross-layer pooling
deterministic-primary,Deterministic primary catalog,deterministic,primary,deterministic stress evidence,0.5,neutral_guarded_vs_dca,safety-architecture behavior,14,1,1,-0.02197616848417594664113881129418109721918827623596217360804955,-0.0750809426039131161857336628328285549712926661587915048588785,0.4284620098039215686274509803921568627450980392156862745098,-0.0750809426039131161857336628328285549712926661587915048588785,0.0750809426039131161857336628328285549712926661587915048588785,0.1717242324561403508771929824561403508771929824561403508771925,0.857678257462747272192354259240710047897592547490936857235122,0.428571428571428571428571428571428571428571428571428571428571,0.14375,5.5,-0.01698471532217585733217824999145639350620590757897616192707495238095238095238095238095238095238095239,0.1691151152814599255612634939465543715931766276598775785472919931972789115646258503401360544217687074,-0.1860998306036357828934417439380107650993825352388537404743669455782312925170068027210884353741496599,-1.1E-100,gross frictionless; epsilon-DCA theorem scope for guarded policies,descriptive across source aggregate cells; no cross-layer pooling
deterministic-primary,Deterministic primary catalog,deterministic,primary,deterministic stress evidence,0.75,corrected_guarded_vs_dca,complete-system performance,14,1,1,-0.00852086396292280667575418078643956587716651852282928784084372,-0.0497779554821360010156347428296690434559388162065854801812415,0.261054742372602351052781758983544708719912301355909034029994,-0.0497779554821360010156347428296690434559388162065854801812415,0.0497779554821360010156347428296690434559388162065854801812415,0.1354202140325210861976185609309107280446440123651756282111835,0.8810781422673515826994572512599743811804663022901986681578445,0.9285714285714285714285714285714285714285714285714285714285715,0.441333184481437125343411112701077283512166353253766618817901,5.5,-0.01147801283037096288966763891240168979070583932308061587913188095238095238095238095238095238095238096,0.1330091594604386621402769033626477847546509792493563961380118697278911564625850340136054421768707483,-0.1444871722908096250299445422750494745453568185724370120171437506802721088435374149659863945578231293,-4E-101,gross frictionless; epsilon-DCA theorem scope for guarded policies,descriptive across source aggregate cells; no cross-layer pooling
deterministic-primary,Deterministic primary catalog,deterministic,primary,deterministic stress evidence,0.75,corrected_guarded_vs_neutral_guarded,corrected-mean signal contribution,14,1,1,0.0010668164611736313204416446105023045647500655925816429425649695,-0.0290110893377547337798676803367985423046266122224696882685999,0.0151981995923582953590409264034979534049726632478089380602593,-0.0290110893377547337798676803367985423046266122224696882685999,0.0290110893377547337798676803367985423046266122224696882685999,0.1354202140325210861976185609309107280446440123651756282111835,0.8810781422673515826994572512599743811804663022901986681578445,0.9285714285714285714285714285714285714285714285714285714285715,0.441333184481437125343411112701077283512166353253766618817901,5.5,0.001504666721549019919925571110154227171886149989187382408187935374149659863945578231292517006802721089,0.005192889272425542788296452614590885896865207872298271602548469387755102040816326530612244897959183673,-0.003688222550876522868370881504436658724979057883110889194360534013605442176870748299319727891156462584,0E-102,gross frictionless; epsilon-DCA theorem scope for guarded policies,descriptive across source aggregate cells; no cross-layer pooling
deterministic-primary,Deterministic primary catalog,deterministic,primary,deterministic stress evidence,0.75,neutral_guarded_vs_dca,safety-architecture behavior,14,1,1,-0.0165790886420190613215903381961648593569597252684319948160128,-0.0452615189338337761757000315873576246307066277708615916312066,0.298732383578431372549019607843137254901960784313725490196082,-0.0452615189338337761757000315873576246307066277708615916312066,0.0452615189338337761757000315873576246307066277708615916312066,0.1267264229910714285714285714285714285714285714285714285714285,0.885029455038459619887090562900238886327468657041227201327440,1,0.447497117918313570487483530961791831357048748353096179183134,5.5,-0.01298267955191998280959321002255591696259198931226799828731981632653061224489795918367346938775510204,0.1278162701880131193519804507480568988577857713770581245354634003401360544217687074829931972789115646,-0.1407989497399331021615736607706128158203777606893261228227832166666666666666666666666666666666666667,-6E-101,gross frictionless; epsilon-DCA theorem scope for guarded policies,descriptive across source aggregate cells; no cross-layer pooling
deterministic-primary,Deterministic primary catalog,deterministic,primary,deterministic stress evidence,0.9,corrected_guarded_vs_dca,complete-system performance,14,1,1,-0.00343420643036785983356966810958156830247679051852366171496985,-0.0199111821928544004062538971318676173823755264826341920724961,0.108241448877462671606663530139744565735442857512254450384676,-0.0199111821928544004062538971318676173823755264826341920724961,0.0199111821928544004062538971318676173823755264826341920724961,0.05817940855593892447075802307864046419536698602340087668227655,0.9511251916111101171726218683334622468828956411518683974687375,1,0.7756321952126296655995684873504174044955142157299342417102105,5.5,-0.004511075974349449686251195476403498810363761382817056500369170068027210884353741496598639455782312926,0.05575270080085020488548264996959511374851097103659532438023602210884353741496598639455782312925170069,-0.0602637767751996545717338454459986125588747324194123808806051921768707482993197278911564625850340136,1.6E-101,gross frictionless; epsilon-DCA theorem scope for guarded policies,descriptive across source aggregate cells; no cross-layer pooling
deterministic-primary,Deterministic primary catalog,deterministic,primary,deterministic stress evidence,0.9,corrected_guarded_vs_neutral_guarded,corrected-mean signal contribution,14,1,1,0.0001941230060059964549547263550206019790512576095975341353414105,-0.0100505362891501398802280328196642708901867154931894209657596,0.00692621957186933406577648541787769606952745362334661554104906,-0.0100505362891501398802280328196642708901867154931894209657596,0.0100505362891501398802280328196642708901867154931894209657596,0.05817940855593892447075802307864046419536698602340087668227655,0.9511251916111101171726218683334622468828956411518683974687375,1,0.7756321952126296655995684873504174044955142157299342417102105,5.5,0.0007024544076232359509277033633530948627401491289043626754247312925170068027210884353741496598639455781,0.00288548740515454703525319224137962548558840739742292034921444591836734693877551020408163265306122449,-0.002183032997531311084325488878026530622848258268518557673789714625850340136054421768707482993197278912,-1E-103,gross frictionless; epsilon-DCA theorem scope for guarded policies,descriptive across source aggregate cells; no cross-layer pooling
deterministic-primary,Deterministic primary catalog,deterministic,primary,deterministic stress evidence,0.9,neutral_guarded_vs_dca,safety-architecture behavior,14,1,1,-0.00641010270984595923294589760990928814185554321116550629033878,-0.0181046075735335104702800126349430498522826511083446366524856,0.119492953431372549019607843137254901960784313725490196078429,-0.0181046075735335104702800126349430498522826511083446366524856,0.0181046075735335104702800126349430498522826511083446366524856,0.05392011767700501253132832080200501253132832080200501253132875,0.9537420506094775490825150378809362738982609510883846451058745,1,0.778998847167325428194993412384716732542819499341238471673255,5.5,-0.005213530381972685637178898839756593673103910511721419175793901360544217687074829931972789115646258504,0.05286721339569565785022945772821548826292256363917240403102157619047619047619047619047619047619047619,-0.05808074377766834348740835656797208193602647415089382320681547755102040816326530612244897959183673469,4E-102,gross frictionless; epsilon-DCA theorem scope for guarded policies,descriptive across source aggregate cells; no cross-layer pooling
deterministic-primary,Deterministic primary catalog,deterministic,primary,deterministic stress evidence,1,corrected_guarded_vs_dca,complete-system performance,14,1,1,0,0,0,0,0,0,1,1,1,5.5,0,0,0,0,gross frictionless; epsilon-DCA theorem scope for guarded policies,descriptive across source aggregate cells; no cross-layer pooling
deterministic-primary,Deterministic primary catalog,deterministic,primary,deterministic stress evidence,1,corrected_guarded_vs_neutral_guarded,corrected-mean signal contribution,14,1,1,0,0,0,0,0,0,1,1,1,5.5,0,0,0,0,gross frictionless; epsilon-DCA theorem scope for guarded policies,descriptive across source aggregate cells; no cross-layer pooling
deterministic-primary,Deterministic primary catalog,deterministic,primary,deterministic stress evidence,1,neutral_guarded_vs_dca,safety-architecture behavior,14,1,1,0,0,0,0,0,0,1,1,1,5.5,0,0,0,0,gross frictionless; epsilon-DCA theorem scope for guarded policies,descriptive across source aggregate cells; no cross-layer pooling
stochastic-primary,Stochastic primary families,stochastic,primary,controlled sensitivity,0.5,corrected_guarded_vs_dca,complete-system performance,15,3,3,-0.00496856996521904588743520330837696916855368122977495398252495,-0.00895837235414921765291891205925977510717352731863705728162986,0.00164958218234483006618282985753382775765153013357849135922404,-0.0157080296185346071815377457383209278006465854067389292572552,0.0164676622466561023253667493949248905390706237978973092483223,0.0299085762002884838123574419873087029871629824732699535987336,0.97242608109904959317715818056230690732129484254919475479974,0.064814814814814814814814814814814814814814814814814814814815,0.0210410361365799936922668243812896619204078357512531929310985,36,-0.004108003949862424862490932620650805599153443053629748254400875092592592592592592592592592592592592592,0.04458454230198598828823180126531404507293713273003410455033334296296296296296296296296296296296296297,-0.04869254625184841315072273388596485067209057578366385280473426407407407407407407407407407407407407407,-4.6018518518518518518518518518518518518508E-62,gross frictionless; epsilon-DCA theorem scope for guarded policies,descriptive across source aggregate cells; no cross-layer pooling
stochastic-primary,Stochastic primary families,stochastic,primary,controlled sensitivity,0.5,corrected_guarded_vs_neutral_guarded,corrected-mean signal contribution,15,3,3,0.000219492003887749330437339939731935948903217487269403452926822,-0.000280578769574098157529380678928723050295230255492997629802081,0.000802345040685964574305461783943379796938977151747368596585684,-0.000627852731702556401004164129937814695114865777670088002110097,0.000683871543132851908796606862398622229045254991786622750231804,0.0299085762002884838123574419873087029871629824732699535987336,0.97242608109904959317715818056230690732129484254919475479974,0.064814814814814814814814814814814814814814814814814814814815,0.0210410361365799936922668243812896619204078357512531929310985,36,0.0002420186739575459811133542428542156261162539080721584429961603722222222222222222222222222222222222223,0.00200570951554749810999401323991009126392754497113370800920982212962962962962962962962962962962962963,-0.001763690841589952128880658997055875637811291063061549566213676222222222222222222222222222222222222222,-1.44648148148148148148148148148148148148143E-62,gross frictionless; epsilon-DCA theorem scope for guarded policies,descriptive across source aggregate cells; no cross-layer pooling
stochastic-primary,Stochastic primary families,stochastic,primary,controlled sensitivity,0.5,neutral_guarded_vs_dca,safety-architecture behavior,15,3,3,-0.00520650382398175971626661794399537727223407298059679723857421,-0.00906281961305660337176522795641626074105866585054163444977351,0.00142977635398003433798571573744788716185458704275095265986772,-0.0150900064190933835994277087535654052271339135461194154855985,0.0157945921756475645853064869655018951091433876126909207776455,0.0277777777769569831310950795343207123478244706375611135044512,0.97325529351584403816079850142051066610325047026842886671725,0.0740740740740740740740740740740740740740740740740740740740743,0.0210782683874859259757231183887822973300311047911876419501254,36,-0.004350022623819970843604286863505021225269696961701906697397041944444444444444444444444444444444444445,0.04257883278643849017823778802540395380900958775890039654112352074074074074074074074074074074074074075,-0.04692885541025846102184207488890897503427928472060230323852051851851851851851851851851851851851851851,4.4166666666666666666666666666666666666685E-62,gross frictionless; epsilon-DCA theorem scope for guarded policies,descriptive across source aggregate cells; no cross-layer pooling
stochastic-primary,Stochastic primary families,stochastic,primary,controlled sensitivity,0.75,corrected_guarded_vs_dca,complete-system performance,15,3,3,-0.00407383077357755650073416214336077884676325263098387170803682,-0.00894090069828357732078888820432910012002891492131062149579044,0.00152191210176111202585379746252660847360305423040955828186583,-0.0144679544954619430216832788715183077058199309513054002212013,0.0153721201433004220886863065939792745309009160437634004073573,0.0299085761860632100693972240926256680038742954011136726240737,0.972441631519609823199134124191003560628776479325979867769827,0.175925925925925925925925925925925925925925925925925925925926,0.0725477493074855586919701638959676637231865087930835102895427,36,-0.003608383452073268278868730068958585025262489724081049846368037000000000000000000000000000000000000001,0.04447763037996604351132155968197980761214267144931127205080811037037037037037037037037037037037037037,-0.04808601383203931179019028975093839263740516117339232189717607037037037037037037037037037037037037037,7.7000000000000000000000000000000000000001E-62,gross frictionless; epsilon-DCA theorem scope for guarded policies,descriptive across source aggregate cells; no cross-layer pooling
stochastic-primary,Stochastic primary families,stochastic,primary,controlled sensitivity,0.75,corrected_guarded_vs_neutral_guarded,corrected-mean signal contribution,15,3,3,0.000206622044727925520802506352077097197617690520446588889562601,-0.000286782464573886265034334684063885417213030341156059336187265,0.000730373619815275793689886447820520840245319787972613168672592,-0.000648607027737969948280637556405297455462652104975863088378753,0.000706987490989442196147938133386832751798390152013661304288576,0.0299085761860632100693972240926256680038742954011136726240737,0.972441631519609823199134124191003560628776479325979867769827,0.175925925925925925925925925925925925925925925925925925925926,0.0725477493074855586919701638959676637231865087930835102895427,36,0.0001984609281642802213655605650404426031089363350612145123509877407407407407407407407407407407407407407,0.001992614403042098588026223191453862333410959988996670695508961666666666666666666666666666666666666667,-0.001794153474877818366660662626413419730302023653935456183158505888888888888888888888888888888888888889,-5.319629629629629629629629629629629629629627E-61,gross frictionless; epsilon-DCA theorem scope for guarded policies,descriptive across source aggregate cells; no cross-layer pooling
stochastic-primary,Stochastic primary families,stochastic,primary,controlled sensitivity,0.75,neutral_guarded_vs_dca,safety-architecture behavior,15,3,3,-0.00431498014585856677373602129820603888143065178969717079976893,-0.00889310673708641542055778570623177688671723073146406499313753,0.000951102084732896235273985804545491412685026671189711797883174,-0.0138287618007589825761671430037137162413133322901705858628613,0.0146755080529283150360531130540248989354246192981233661105531,0.0277777777712860594196661791542723934807996141685224811647392,0.973277128788633737035183384431827679541013282562658066335553,0.175925925925925925925925925925925925925925925925925925925926,0.0729746353227558896252443567317762435990698366931231606045173,36,-0.003806844380237548500234290633999027628371426059142264358719024037037037037037037037037037037037037036,0.04248501597692394492329533649052594527873171146031460135529912074074074074074074074074074074074074074,-0.04629186035716149342352962712452497290710313751945686571401758703703703703703703703703703703703703703,5.57740740740740740740740740740740740740746E-61,gross frictionless; epsilon-DCA theorem scope for guarded policies,descriptive across source aggregate cells; no cross-layer pooling
stochastic-primary,Stochastic primary families,stochastic,primary,controlled sensitivity,0.9,corrected_guarded_vs_dca,complete-system performance,15,3,3,-0.00252998968670959947211466451114172383739871809001752438493353,-0.00636718880076151926825689478172268844256335826464307493992343,0.00204051724274480095265903464212306650770455543829310869212553,-0.0078789936432353541614651294639480039266123601872586723739756,0.00804697195906578026071048887308415009150669373421596097775917,0.0299085535466965968684352172678877657896093701521883597552916,0.972449294665863727090204079006992689872978459498465640318483,0.5,0.237534224872315025460364708960459489030033965747933745075706,36,-0.00203184571004593244594903722611554237239519897283099800204927300000000000000000000000000000000000000,0.0330087656836964055216939884178082740306597189929122681287826774074074074074074074074074074074074074,-0.0350406113937423379676430256439238164030549179657432661308318300000000000000000000000000000000000000,1.2040740740740740740740740740740740740740E-61,gross frictionless; epsilon-DCA theorem scope for guarded policies,descriptive across source aggregate cells; no cross-layer pooling
stochastic-primary,Stochastic primary families,stochastic,primary,controlled sensitivity,0.9,corrected_guarded_vs_neutral_guarded,corrected-mean signal contribution,15,3,3,0.000113544605376146545969044920801328498585198857337028209037503,-0.000300868227526559206629312535306303423010210776542636421575633,0.000597407284969926169690422418032895563147380957347888715662445,-0.000590168704659486031912890415425409941558834795294313538835897,0.00062231320211870012361106573543864399917534857515561099630926,0.0299085535466965968684352172678877657896093701521883597552916,0.972449294665863727090204079006992689872978459498465640318483,0.5,0.237534224872315025460364708960459489030033965747933745075706,36,0.0001387267255081838687194465836298963706274161166750837069684318907407407407407407407407407407407407407,0.001067736788478799338095069217516476280827389902816613653313310333333333333333333333333333333333333333,-0.000929010062970615469375622633886579910199973786141529946344870403703703703703703703703703703703703704,8.0388888888888888888888888888888888888883E-63,gross frictionless; epsilon-DCA theorem scope for guarded policies,descriptive across source aggregate cells; no cross-layer pooling
stochastic-primary,Stochastic primary families,stochastic,primary,controlled sensitivity,0.9,neutral_guarded_vs_dca,safety-architecture behavior,15,3,3,-0.00268025999169784542461273582310798795021084997355464639968678,-0.00606814628565229614180012827437080404645420838491164129619133,0.00164650897977980729405839228741733984902927569995277656258413,-0.00729316851611586219069827182910008580386803017000809127630028,0.00746223463914335271360134055125479683082107137612642070124088,0.0277777661057595735984010382822731101236217720333565834497921,0.973321416783976316140756982012611235881970346840903453805063,0.50925925925925925925925925925925925925925925925925925925926,0.234646917871714537338356696421508333167084986387026957945127,36,-0.002170572435554116314668483809745438743022615089506081709017703666666666666666666666666666666666666666,0.03194102889521760618359891920029179774983232909009565447546940444444444444444444444444444444444444445,-0.0341116013307717224982674030100372364928549441796017361844869162962962962962962962962962962962962963,1.91814814814814814814814814814814814814816E-61,gross frictionless; epsilon-DCA theorem scope for guarded policies,descriptive across source aggregate cells; no cross-layer pooling
stochastic-primary,Stochastic primary families,stochastic,primary,controlled sensitivity,1,corrected_guarded_vs_dca,complete-system performance,15,3,3,0,0,0,0,0,0,1,1,1,36,0,0,0,0,gross frictionless; epsilon-DCA theorem scope for guarded policies,descriptive across source aggregate cells; no cross-layer pooling
stochastic-primary,Stochastic primary families,stochastic,primary,controlled sensitivity,1,corrected_guarded_vs_neutral_guarded,corrected-mean signal contribution,15,3,3,0,0,0,0,0,0,1,1,1,36,0,0,0,0,gross frictionless; epsilon-DCA theorem scope for guarded policies,descriptive across source aggregate cells; no cross-layer pooling
stochastic-primary,Stochastic primary families,stochastic,primary,controlled sensitivity,1,neutral_guarded_vs_dca,safety-architecture behavior,15,3,3,0,0,0,0,0,0,1,1,1,36,0,0,0,0,gross frictionless; epsilon-DCA theorem scope for guarded policies,descriptive across source aggregate cells; no cross-layer pooling
historical-primary,Historical primary monthly design,historical,confirmatory,confirmatory H1/H2 and secondary architecture,0.5,corrected_guarded_vs_dca,complete-system performance,6,72,383,-0.023227605612168067947058106903014237812085690892574295241739575,-0.0459315460329597585944088669914816089333859199860058448171075,-0.00874935441149618355858610381305950564643156572437310779908109,-0.152921904735948742138796686163595922689015045202746063765685,0.189611780781547562984364320842401007969149349288862746889323,0.0610623277299363709582972335114040066729009769615418925458321,0.975155797159418810976439295242004244295610926331147343708215,0.0675596274373259052924791086350974930362116991643454038997260,0.02112434496814441995199648746355629477941033856311254009977495,36,-0.1620460999767612712830259869316322626440915871231948843159504629629629629629629629629629629629629630,0.06300491364825432379580680186314080103718450479218231837526213888888888888888888888888888888888888888,-0.2250510136250155950788327887947730636812760919153772026912139074074074074074074074074074074074074075,-1.3055555555555555555555555555555555555556E-60,gross frictionless; epsilon-DCA theorem scope for guarded policies,descriptive across source aggregate cells; no cross-layer pooling
historical-primary,Historical primary monthly design,historical,confirmatory,confirmatory H1/H2 and secondary architecture,0.5,corrected_guarded_vs_neutral_guarded,corrected-mean signal contribution,6,72,383,-0.001565336233726045306154547551921667667788866686114237200093186,-0.00545342713737186257617090539443406886427217667683250453271505,-0.0000921596132481172542399792767691365687246086092952844285046726,-0.0441014503999232385726791732010573265668454713805957259459206,0.069286604037190241432098271447774810237285329677279287257761,0.0610623277299363709582972335114040066729009769615418925458321,0.975155797159418810976439295242004244295610926331147343708215,0.0675596274373259052924791086350974930362116991643454038997260,0.02112434496814441995199648746355629477941033856311254009977495,36,-0.03955979249475771740529308043536090166782414179793213088243328060185185185185185185185185185185185183,0.02042618810787877213172240296602760959255454511484306229047223796296296296296296296296296296296296295,-0.05998598060263648953701548340138851126037868691277519317290569074074074074074074074074074074074074075,-1.7217592592592592592592592592592592592597E-61,gross frictionless; epsilon-DCA theorem scope for guarded policies,descriptive across source aggregate cells; no cross-layer pooling
historical-primary,Historical primary monthly design,historical,secondary,confirmatory H1/H2 and secondary architecture,0.5,neutral_guarded_vs_dca,safety-architecture behavior,6,72,383,-0.0236958812348795479560679103719428255861914011622241697836725,-0.0436523286914362512249819879531330378151278151589582921167598,-0.0089054811030025452284249238302248133589147220057085945065839,-0.114143822281494257587758838096644321331548157797497773776662,0.135710607417988092229946191882433314930958562493163801799095,0.0277777777769473254824878872818822573237717453450743963337478,0.981220200295665825381269036617069687225249915241931586030386,0.0664292208294645620550913030021665119158155369854534199938165,0.02106399719360591678269031035917248443995447852129917603196435,36,-0.1224863074820035538777329064962713609762674453252627534335164111111111111111111111111111111111111111,0.0425787255403755516640843988971131914446299596773392560847900888888888888888888888888888888888888889,-0.1650650330223791055418173053933845524208974050026020095183049814814814814814814814814814814814814815,1.5185185185185185185185185185185185185185E-60,gross frictionless; epsilon-DCA theorem scope for guarded policies,descriptive across source aggregate cells; no cross-layer pooling
historical-primary,Historical primary monthly design,historical,confirmatory,confirmatory H1/H2 and secondary architecture,0.75,corrected_guarded_vs_dca,complete-system performance,6,72,383,-0.02188137014954906059520902673244516888625854465518551607653892,-0.0376820768374796927782074103133399788363476447088239388844339,-0.00718771382807783331574838411121373582390375884135263124382672,-0.120579968766998833534352463620116594715466303271143348417811,0.157622504078183376639261397152024873522242772599198074117773,0.0610622801576708339217553981976407199890656704691953105108705,0.975229675579755959853558533643400099519712807569377547007567,0.175805832817497162901062622511090477664293820282678221396884,0.0724748204530593825152922880162685916232314644690469932830587,36,-0.1446480223200302528427520287084312293800631978006247994352963143518518518518518518518518518518518519,0.06279415369003806272802736365325765836568491509890451149281805555555555555555555555555555555555555555,-0.2074421760100683155707793923616888877457481128995293109281175925925925925925925925925925925925925927,-3.2226851851851851851851851851851851851853E-60,gross frictionless; epsilon-DCA theorem scope for guarded policies,descriptive across source aggregate cells; no cross-layer pooling
historical-primary,Historical primary monthly design,historical,confirmatory,confirmatory H1/H2 and secondary architecture,0.75,corrected_guarded_vs_neutral_guarded,corrected-mean signal contribution,6,72,383,-0.000708496847351073065068746842009726331522926695188250829751864,-0.00441136662500300544240500647511566848368983029739681163347634,-0.000079648779353582728611350083799825261289583451621365318412496,-0.0400691119322619312178353136337628153916986001255717083262861,0.060755435289708428411647438239538937749367405889749337456332,0.0610622801576708339217553981976407199890656704691953105108705,0.975229675579755959853558533643400099519712807569377547007567,0.175805832817497162901062622511090477664293820282678221396884,0.0724748204530593825152922880162685916232314644690469932830587,36,-0.03682442301010550589080319578188673994734905698804700321539309097222222222222222222222222222222222222,0.02031914616235281473555313513808687424540705032317503841390634814814814814814814814814814814814814815,-0.05714356917245832062635633091997361419275610731122204162929926481481481481481481481481481481481481483,1.7430555555555555555555555555555555555554E-61,gross frictionless; epsilon-DCA theorem scope for guarded policies,descriptive across source aggregate cells; no cross-layer pooling
historical-primary,Historical primary monthly design,historical,secondary,confirmatory H1/H2 and secondary architecture,0.75,neutral_guarded_vs_dca,safety-architecture behavior,6,72,383,-0.02122765299222790531866510223873848635969556564046764189715335,-0.0390513127050941702511929161741092242303064434962514006870734,-0.00712413147603414937022269235257536609819161322940388038262191,-0.0882527411696800754453662356643230390274296482155751330043059,0.103132956450329244075301858804812905494783457289240806840887,0.0277777777704904567312440318075904672890629960638254096556787,0.9812284362354910090698277424244138528133120000232734362283605,0.1706901887960383782110801609408851748684617765397709687403325,0.07118982603024383958559925791868343694911658851446243310920755,36,-0.1078235993099247469519488329265444894327141408125777962199042282407407407407407407407407407407407408,0.04247500752768524799247422851517078412027786477572947307891152962962962962962962962962962962962962962,-0.1502986068376099949444230614417152735529920055883072692988158240740740740740740740740740740740740741,-6.62037037037037037037037037037037037037E-62,gross frictionless; epsilon-DCA theorem scope for guarded policies,descriptive across source aggregate cells; no cross-layer pooling
historical-primary,Historical primary monthly design,historical,confirmatory,confirmatory H1/H2 and secondary architecture,0.9,corrected_guarded_vs_dca,complete-system performance,6,72,383,-0.012362199229908885996007299382656200679604094559590096488921725,-0.0317235437111310362013333813802703026119337106050439070755482,-0.00335266351298036186677439396225895454280836618257622733904455,-0.0767264477662086994938327125693331781773133433426854416789894,0.0792542659521350525773121585891754604487957178563126865945322,0.0526753820133645962362984427683738573763632431766124142423449,0.9754216746156089663093569119759175648278265255352534037237195,0.502194721706386051789951511399979366553182709171567110285790,0.237358692480211399117158587052964742241966045280524089955753,36,-0.09771261052844659730552440117321411749544621708931801910537162175925925925925925925925925925925925925,0.04984592965187152642831251481302100553395088976434398578657589814814814814814814814814814814814814815,-0.1475585401803181237338369159862351230293971068536620048919468379629629629629629629629629629629629630,6.8194444444444444444444444444444444444440E-61,gross frictionless; epsilon-DCA theorem scope for guarded policies,descriptive across source aggregate cells; no cross-layer pooling
historical-primary,Historical primary monthly design,historical,confirmatory,confirmatory H1/H2 and secondary architecture,0.9,corrected_guarded_vs_neutral_guarded,corrected-mean signal contribution,6,72,383,-0.000555722996702769397489190841340146868239772178118710975143002,-0.00390515916929727178023874358717102790693058941508152776940851,0.00051799033724719057717082244865511868391588961045313337115452,-0.0322598865805671535334167726074841457969496091748497138588081,0.0377195546229347029036677216150288409675731257538903364987498,0.0526753820133645962362984427683738573763632431766124142423449,0.9754216746156089663093569119759175648278265255352534037237195,0.502194721706386051789951511399979366553182709171567110285790,0.237358692480211399117158587052964742241966045280524089955753,36,-0.02291519599530847959522670372805869901177703040902780686619203226388888888888888888888888888888888888,0.01653215925543160393312839413525334129872533760325431081150034490740740740740740740740740740740740741,-0.03944735525074008352835509786331204031050236801228211767769185555555555555555555555555555555555555555,5.2161574074074074074074074074074074074074E-61,gross frictionless; epsilon-DCA theorem scope for guarded policies,descriptive across source aggregate cells; no cross-layer pooling
historical-primary,Historical primary monthly design,historical,secondary,confirmatory H1/H2 and secondary architecture,0.9,neutral_guarded_vs_dca,safety-architecture behavior,6,72,383,-0.01190635495617002771229407930276012746954782972535316742199463,-0.028261767184390605504602573931141562941622448075472997756187,-0.00340080934164462072522873845525413259716572040514018799939384,-0.0492067792457294326591471690659979003691496895443006921256664,0.0571849538871059761693399153146432225173980183833026072328895,0.0277777419434973147039511228803514987351902635396277695952714,0.981251210649131569819845210272193690122330851228176709862761,0.450714674894253585061384504281440214587846899824615702053003,0.2192646060331533114721428258982870043298569244951889683938455,36,-0.07479741453313811771029769744515541848366918668029021223918014027777777777777777777777777777777777778,0.03331377039643992249518412067776766423522555216108967497507508333333333333333333333333333333333333333,-0.1081111849295780402054818181229230827188947388413798872142562500000000000000000000000000000000000000,-1.02638888888888888888888888888888888888889E-60,gross frictionless; epsilon-DCA theorem scope for guarded policies,descriptive across source aggregate cells; no cross-layer pooling
historical-primary,Historical primary monthly design,historical,secondary,confirmatory H1/H2 and secondary architecture,1,corrected_guarded_vs_dca,complete-system performance,6,72,383,0,0,0,0,0,0,1,1,1,36,0,0,0,0,gross frictionless; epsilon-DCA theorem scope for guarded policies,descriptive across source aggregate cells; no cross-layer pooling
historical-primary,Historical primary monthly design,historical,secondary,confirmatory H1/H2 and secondary architecture,1,corrected_guarded_vs_neutral_guarded,corrected-mean signal contribution,6,72,383,0,0,0,0,0,0,1,1,1,36,0,0,0,0,gross frictionless; epsilon-DCA theorem scope for guarded policies,descriptive across source aggregate cells; no cross-layer pooling
historical-primary,Historical primary monthly design,historical,secondary,confirmatory H1/H2 and secondary architecture,1,neutral_guarded_vs_dca,safety-architecture behavior,6,72,383,0,0,0,0,0,0,1,1,1,36,0,0,0,0,gross frictionless; epsilon-DCA theorem scope for guarded policies,descriptive across source aggregate cells; no cross-layer pooling
historical-monthly-robustness,Historical monthly robustness coverage,historical,robustness,registered robustness,0.25,corrected_guarded_vs_dca,complete-system performance,6,72,383,-0.023812646728313318561341965289423659194258941245029629812384195,-0.0481338209348548054116170571625615898345023718995411937533766,-0.00935895548258959735630874890148201173912769231130904339527885,-0.161080070260517548831304004443821155986659657435242513998281,0.202230723005163889028350116688858048363809040488929346550054,0.06106233087686685471952559124230245622373066981180793621081005,0.975132563991959651350662974157055101496091818580954397215652,0.0283564814814814814814814814814814814814814814814814814814833,0.006949860059344420848195643598243030151472766951149406954353925,36,-0.1669196800715981559627710201726728982383609757044184408324857416666666666666666666666666666666666667,0.06301889188120644790708542435370170157708899870261958306767356481481481481481481481481481481481481482,-0.2299385719528046038698564445263745998154499744070380239001621851851851851851851851851851851851851852,-2.8787037037037037037037037037037037037037E-60,gross frictionless; epsilon-DCA theorem scope for guarded policies,descriptive across source aggregate cells; no cross-layer pooling
historical-monthly-robustness,Historical monthly robustness coverage,historical,robustness,registered robustness,0.25,corrected_guarded_vs_neutral_guarded,corrected-mean signal contribution,6,72,383,-0.0016131986177161462395213622154432668505513942843704097116226155,-0.0058355480978338486533359977608845253626660930748765983798787,-0.0000735718990982651539995210933374515695898731591068961044203397,-0.0454705999549329515374191032331853723913752456035656174585534,0.0704719860796203657442632473732103663185856387632548434516532,0.06106233087686685471952559124230245622373066981180793621081005,0.975132563991959651350662974157055101496091818580954397215652,0.0283564814814814814814814814814814814814814814814814814814833,0.006949860059344420848195643598243030151472766951149406954353925,36,-0.0398843670991494464874637430882027759538411762714406186289312537962962962962962962962962962962962963,0.02043477850929162532917436084271991614759184936983381761283412592592592592592592592592592592592592593,-0.06031914560844107181663810393092269210143302564127443624176596203703703703703703703703703703703703705,-5.8231481481481481481481481481481481481482E-61,gross frictionless; epsilon-DCA theorem scope for guarded policies,descriptive across source aggregate cells; no cross-layer pooling
historical-monthly-robustness,Historical monthly robustness coverage,historical,robustness,registered robustness,0.25,neutral_guarded_vs_dca,safety-architecture behavior,6,72,383,-0.02430270213283429670634199155033740610451503064511554313421439,-0.0472164321823228253214675610645035336534846289178291376806173,-0.0090189638016169004587343031980834832600670610813817143677703,-0.122926396400592499228077193307384340333099363816944877165187,0.149976548551286556720474614006972297384388375817513998108035,0.0277777777772723453283216164381600269880139732288298387799642,0.9812178829192034727842782226434552643067514692921299125426915,0.0283564814814814814814814814814814814814814814814814814814833,0.006949860059344420848195643598243030151472766951149406954353925,36,-0.1270353129724487094753072770844701222845197994329778222035559916666666666666666666666666666666666667,0.04258411337191482257791106351098178542949714933278576545483864444444444444444444444444444444444444447,-0.1696194263443635320532183405954519077140169487657635876583946666666666666666666666666666666666666667,-3.05555555555555555555555555555555555555E-62,gross frictionless; epsilon-DCA theorem scope for guarded policies,descriptive across source aggregate cells; no cross-layer pooling
historical-monthly-robustness,Historical monthly robustness coverage,historical,robustness,registered robustness,0.6,corrected_guarded_vs_dca,complete-system performance,6,72,383,-0.023103614979866700117790263165338443039471735386896162806821135,-0.04488424211995127112882993281500115749145796053093165755989,-0.00846330455992335126375959674531900941760215176955694560469124,-0.138950872693596335720678144468516265576988490564900492418784,0.181615718384766934664447281167726155573415838217497447383406,0.06106232311743423533088967545119842329069459530673507154597915,0.9751746271504144213246616569463620031693954521564858773541895,0.0960708597699370679872072629732796863716083771794078200763340,0.03345292125657210533401176259614578449128073294862849933719165,36,-0.1578740033661702025690699277294457047665691202022127819717680532407407407407407407407407407407407407,0.06298465201076241478054312271115462034260579508351928074857587962962962962962962962962962962962962963,-0.2208586553769326173496130504406003251091749152857320627203444074074074074074074074074074074074074075,-4.745370370370370370370370370370370370372E-61,gross frictionless; epsilon-DCA theorem scope for guarded policies,descriptive across source aggregate cells; no cross-layer pooling
historical-monthly-robustness,Historical monthly robustness coverage,historical,robustness,registered robustness,0.6,corrected_guarded_vs_neutral_guarded,corrected-mean signal contribution,6,72,383,-0.0012932285115363596889194129894998439998963144426847941744159715,-0.0052448691100794270968911592025709802138918493340272438243128,-0.000083781743695138199274684303547549671459706178150054805165962,-0.0419106633047019949790938992670630347017058949374712651418524,0.0657120908606600035881355687227623098610624665867370751121444,0.06106232311743423533088967545119842329069459530673507154597915,0.9751746271504144213246616569463620031693954521564858773541895,0.0960708597699370679872072629732796863716083771794078200763340,0.03345292125657210533401176259614578449128073294862849933719165,36,-0.03910735571653154709385687304086954726200269475407423323697410768518518518518518518518518518518518518,0.02041428651621217942222798086792311859953699424896805178508949166666666666666666666666666666666666667,-0.05952164223274372651608485390879266586153968900304228502206384166666666666666666666666666666666666667,-2.4231481481481481481481481481481481481482E-61,gross frictionless; epsilon-DCA theorem scope for guarded policies,descriptive across source aggregate cells; no cross-layer pooling
historical-monthly-robustness,Historical monthly robustness coverage,historical,robustness,registered robustness,0.6,neutral_guarded_vs_dca,safety-architecture behavior,6,72,383,-0.022756959974633879594942503073312458509353776309877642711686975,-0.0425856190242040727776592012299496008772212118462651068529354,-0.00846537406508890806707540077408890336173049682257876186706607,-0.106392414284731022936246563992827047999851336126808669429523,0.12540856793252960293129402802742488231136099812693087973897,0.02777777777644195826686610544333105202065171996139490819408265,0.981222223924514785447330073004747097583495121962230366868052,0.0930967418497885071701227690085628804291756937996492314040957,0.03322588762146388682800695177025346986256145482613215361772135,36,-0.1187666476496386554752130546885761575045664254481385487347946717592592592592592592592592592592592592,0.04257036549455023535831514184323150174306880083455122896348720092592592592592592592592592592592592593,-0.1613370131441888908335281965318076592476352262826897776982798148148148148148148148148148148148148148,2.0578703703703703703703703703703703703703E-60,gross frictionless; epsilon-DCA theorem scope for guarded policies,descriptive across source aggregate cells; no cross-layer pooling
historical-monthly-robustness,Historical monthly robustness coverage,historical,robustness,registered robustness,0.8,corrected_guarded_vs_dca,complete-system performance,6,72,383,-0.020090104885937881770772096376715192538762051759332045439712165,-0.0357782885833679728886110243306425585415829550320440399035608,-0.00643775373200289118737929749424368394175790933954343551004252,-0.109509703375546821618465334234897993806440264594569127100822,0.138117310013058473302888098155099674710486772471076383710961,0.06106218476303658231982198558407648471116552026122711403918165,0.9752628760785345719510312710753366647440957464266936199924205,0.2292585499845249148870318786753327143299288146084803466418965,0.09917012805900257162689247306048608414203471184552174413997345,36,-0.1358651257875907975227053042971826089324039437770086676544805569444444444444444444444444444444444444,0.06231408550634167511690559555208322541440287720064189086297344444444444444444444444444444444444444443,-0.1981792112939324726396108998492658343468068209776505585174528703703703703703703703703703703703703703,1.1310185185185185185185185185185185185185E-60,gross frictionless; epsilon-DCA theorem scope for guarded policies,descriptive across source aggregate cells; no cross-layer pooling
historical-monthly-robustness,Historical monthly robustness coverage,historical,robustness,registered robustness,0.8,corrected_guarded_vs_neutral_guarded,corrected-mean signal contribution,6,72,383,-0.000562512718205109992390039648871602077107238380639894283945435,-0.00362382677542484601889836732156345088467286751378801615612664,-0.0000727138797760718241311442767359461339896764280383091791876513,-0.0396843400738608690050606328224843247468404487461337961893432,0.0507512259938842390508468451969510010110860383833480675306043,0.06106218476303658231982198558407648471116552026122711403918165,0.9752628760785345719510312710753366647440957464266936199924205,0.2292585499845249148870318786753327143299288146084803466418965,0.09917012805900257162689247306048608414203471184552174413997345,36,-0.03479111080197725107073443963583292539655913667095732874279302944444444444444444444444444444444444445,0.0201228917527121772386652721901787165344128319969627168952898537037037037037037037037037037037037037,-0.05491400255468942830939971182601164193097196866792004563808312685185185185185185185185185185185185183,-2.4370370370370370370370370370370370370368E-61,gross frictionless; epsilon-DCA theorem scope for guarded policies,descriptive across source aggregate cells; no cross-layer pooling
historical-monthly-robustness,Historical monthly robustness coverage,historical,robustness,registered robustness,0.8,neutral_guarded_vs_dca,safety-architecture behavior,6,72,383,-0.01940147153621073545695829179428744862057584883842937758061119,-0.0357437806682192813379887411460384864049285585342260229691002,-0.00647925736081562907239437316956694746067070887643737780086461,-0.07921642706103646550413898031619457265823619643042784813903,0.0922017442218370314767060234574318675743485225113351589634103,0.02777777775020500076200530896892170279441278344197838980760105,0.981232536432666746701914531912935551990205250499742592184125,0.221818016223047560094913855359537810791292685443103270401312,0.0966270355659998306886259469852321468961482949290502845221290,36,-0.1010740149856135464519708646613496835358448071060513389116875000000000000000000000000000000000000000,0.04219119375362949787824032336190450887999004520367917396768340000000000000000000000000000000000000002,-0.1432652087392430443302111880232541924158348523097305128793716481481481481481481481481481481481481482,-7.481481481481481481481481481481481481482E-61,gross frictionless; epsilon-DCA theorem scope for guarded policies,descriptive across source aggregate cells; no cross-layer pooling
historical-monthly-robustness,Historical monthly robustness coverage,historical,robustness,registered robustness,0.95,corrected_guarded_vs_dca,complete-system performance,6,72,383,-0.007313239062561138983333562929209422421873365681996450952278865,-0.0218166893540243770196853324292214165756259353848828957129634,-0.00167633175649018093338719698112947727140418309128811366951839,-0.0415986715289633873074524915834176215489080687756840548352302,0.0461564100246273262635687917201166747880102101663418981685971,0.0322842365816231802655079316694756475909484838532242983438373,0.979391052480134369473155451653929359743354104744790930850762,0.9608669755235737129887547714845764985040751057464149386154865,0.510866232148309674250332130015629671380287551545914009300618,36,-0.06022132174596190653193966468277702446415011885808814755307172083333333333333333333333333333333333335,0.03613489674667748803812613268076081992166022266584224751660881018518518518518518518518518518518518518,-0.09635621849263939457006579736353784438581034152393039506968049074074074074074074074074074074074074073,4.027777777777777777777777777777777777780E-62,gross frictionless; epsilon-DCA theorem scope for guarded policies,descriptive across source aggregate cells; no cross-layer pooling
historical-monthly-robustness,Historical monthly robustness coverage,historical,robustness,registered robustness,0.95,corrected_guarded_vs_neutral_guarded,corrected-mean signal contribution,6,72,383,-0.0005058454448416273986293795247052733216687103358444690139236075,-0.00366310545267078489402493127156428582714494115310052930410437,-0.0000121905628422187845257806299003539653658450039221380473230327,-0.0113588174267956112199331297829083928937333032793908679947755,0.0162644681207734759094287451456647138047264751273713845543754,0.0322842365816231802655079316694756475909484838532242983438373,0.979391052480134369473155451653929359743354104744790930850762,0.9608669755235737129887547714845764985040751057464149386154865,0.510866232148309674250332130015629671380287551545914009300618,36,-0.01217253597256959674526603853834486648946577527663632174193905091666666666666666666666666666666666667,0.01212383686758219356690252314933334834075904990626013545592258430555555555555555555555555555555555556,-0.02429637284015179031216856168767821483022482518289645719786133300925925925925925925925925925925925925,3.0221296296296296296296296296296296296298E-61,gross frictionless; epsilon-DCA theorem scope for guarded policies,descriptive across source aggregate cells; no cross-layer pooling
historical-monthly-robustness,Historical monthly robustness coverage,historical,robustness,registered robustness,0.95,neutral_guarded_vs_dca,safety-architecture behavior,6,72,383,-0.007029229605031501483510523544014807193946681272884543176466225,-0.0185080740908623205681049849266512155158573153319198070091932,-0.00170040467082231036261436922762706629858286020257009399969692,-0.0304047491824850472286316619916496117976666307283800454379139,0.0311272823457136873073289539688078217202637280440558126016062,0.02607267736135667872622395886757629441230831773909713257432305,0.982511164223342497081209995727555977059064827378174188297706,0.8302588691581553698545341999380996595481275147013308573196695,0.4371769331373227305239325946383748501951871137926943526890815,36,-0.04804878577339230978667362614443215797468434358145182581113291157407407407407407407407407407407407407,0.02401105987909529447122360953142747158090117275958211206068607592592592592592592592592592592592592592,-0.0720598456524876042578972356758596295555855163410339378718195925925925925925925925925925925925925926,-6.0509259259259259259259259259259259259261E-61,gross frictionless; epsilon-DCA theorem scope for guarded policies,descriptive across source aggregate cells; no cross-layer pooling
historical-monthly-robustness,Historical monthly robustness coverage,historical,robustness,registered robustness,0.99,corrected_guarded_vs_dca,complete-system performance,6,72,383,-0.001525008660013960593913180016123276944590662518453289392125165,-0.00478212855779728549325682218984380378558241919995070011599314,-0.000335266351298036186677439396225895454280836618257622733906788,-0.00863477175260231779793367769160043591332151537043478254347023,0.00923128200492546525271375834402333495760204203326837963372195,0.00670280139274414757526209524322558109931698478490868864554294,0.9952810391038668663947698821919597512571115213960070227001165,1,0.9014463593110294236924590036174094558595499884790680974907665,36,-0.01318234199333920153469202366325765218627081573701472502946873101851851851851851851851851851851851852,0.00829572830470620703208671829229145447353435733816334350263851250000000000000000000000000000000000000,-0.02147807029804540856677874195554910665980517307517806853210712407407407407407407407407407407407407407,1.1944444444444444444444444444444444444445E-61,gross frictionless; epsilon-DCA theorem scope for guarded policies,descriptive across source aggregate cells; no cross-layer pooling
historical-monthly-robustness,Historical monthly robustness coverage,historical,robustness,registered robustness,0.99,corrected_guarded_vs_neutral_guarded,corrected-mean signal contribution,6,72,383,-0.00008210597495502561450744188298441594983998115317321207766850595,-0.00058849535210303095703376931847391341218264280577024986425423,-0.00000243459095271114837484611872917363329634841216369913410436048,-0.00156121876560544948231870514925525353179886961814728754664403,0.00160108638421612659309313781018661105147317142803165601289317,0.00670280139274414757526209524322558109931698478490868864554294,0.9952810391038668663947698821919597512571115213960070227001165,1,0.9014463593110294236924590036174094558595499884790680974907665,36,-0.002058210449560438473771557629479937278583116657822428196282165069907407407407407407407407407407407408,0.0009307037655913226088082577563986614533083795569244668695665472685185185185185185185185185185185185185,-0.002988914215151761082579815385878598731891496214746895065849037685185185185185185185185185185185185183,-3.25346759259259259259259259259259259259256E-61,gross frictionless; epsilon-DCA theorem scope for guarded policies,descriptive across source aggregate cells; no cross-layer pooling
historical-monthly-robustness,Historical monthly robustness coverage,historical,robustness,registered robustness,0.99,neutral_guarded_vs_dca,safety-architecture behavior,6,72,383,-0.00147414198810755214085860708343043192313262854124412467721929,-0.00420339705531431923887777001251166238610578319329570127334384,-0.000340080934164462072522873845525413259716572040514018799942479,-0.00717213401514002058119527796796837162332338078497683697908302,0.007900502087282020765267686729214900819251691819740885746254,0.00596385455371106201754156231632721237123979118045317056182372,0.995619304166345111186782906142613264617819573086047431483633,1,0.8678887200579153535714279918116999143280915735218209843596105,36,-0.01112413154377876306092046603377771490768769907919229683318658680555555555555555555555555555555555556,0.007365024539114884423278460535892793020225977781238876633071937500000000000000000000000000000000000002,-0.01848915608289364748419892656967050792791367686043117346625801666666666666666666666666666666666666667,5.0763888888888888888888888888888888888889E-61,gross frictionless; epsilon-DCA theorem scope for guarded policies,descriptive across source aggregate cells; no cross-layer pooling
historical-monthly-robustness,Historical monthly robustness coverage,historical,secondary,registered robustness,1,corrected_guarded_vs_dca,complete-system performance,6,72,383,0,0,0,0,0,0,1,1,1,36,0,0,0,0,gross frictionless; epsilon-DCA theorem scope for guarded policies,descriptive across source aggregate cells; no cross-layer pooling
historical-monthly-robustness,Historical monthly robustness coverage,historical,secondary,registered robustness,1,corrected_guarded_vs_neutral_guarded,corrected-mean signal contribution,6,72,383,0,0,0,0,0,0,1,1,1,36,0,0,0,0,gross frictionless; epsilon-DCA theorem scope for guarded policies,descriptive across source aggregate cells; no cross-layer pooling
historical-monthly-robustness,Historical monthly robustness coverage,historical,secondary,registered robustness,1,neutral_guarded_vs_dca,safety-architecture behavior,6,72,383,0,0,0,0,0,0,1,1,1,36,0,0,0,0,gross frictionless; epsilon-DCA theorem scope for guarded policies,descriptive across source aggregate cells; no cross-layer pooling
historical-quarterly-robustness,Historical quarterly robustness horizons,historical,robustness,registered robustness,0.25,corrected_guarded_vs_dca,complete-system performance,6,4,130,-0.0420858225487035492580371734965266441143145350775883828685445,-0.234840690805062833289561673682323843177716042519542029296552,-0.0183103513590694757700677865429465106222639309753958583921,-0.273824646476994240079539936623686084376418103905775839852345,0.321581698069030574772215274471347013329387012935933156128862,0.1934745960584905468426026927759944908476124975782225770530455,0.887410780985130512499453667856611404327553463639911746106084,0.1319444444444444444444444444444444444444444444444444444444445,0.0316391971864416055186974425123776143802099054479102531402739,8,-2.236270598702875025828569054796907680010209844899712865538477795833333333333333333333333333333333333,0.2122498414339013930633660547718764107529762531196683374666779583333333333333333333333333333333333333,-2.448520440136776418891935109568784090763186098019381203005160416666666666666666666666666666666666667,-4.662500000000000000000000000000000000001E-60,gross frictionless; epsilon-DCA theorem scope for guarded policies,descriptive across source aggregate cells; no cross-layer pooling
historical-quarterly-robustness,Historical quarterly robustness horizons,historical,robustness,registered robustness,0.25,corrected_guarded_vs_neutral_guarded,corrected-mean signal contribution,6,4,130,-0.002241062184120712222882745761752364974836106698249600964899875,-0.092164018038804945521907835142300847070760889781367377266065,0.00056980685537117546031452573878663325158878875130113254889053,-0.0991071559563597745926138266340156908574842599934072054913655,0.0999267570576823295196818216985891515851012788434616682458093,0.1934745960584905468426026927759944908476124975782225770530455,0.887410780985130512499453667856611404327553463639911746106084,0.1319444444444444444444444444444444444444444444444444444444445,0.0316391971864416055186974425123776143802099054479102531402739,8,-0.71704193126899899925074968623648408300860549016782580119026948125,0.04809337054800290465823205022844645542649332309962574840248233291666666666666666666666666666666666667,-0.7651353018170019039089817364649305384350988132674515495927556275,-3.8133333333333333333333333333333333333333E-60,gross frictionless; epsilon-DCA theorem scope for guarded policies,descriptive across source aggregate cells; no cross-layer pooling
historical-quarterly-robustness,Historical quarterly robustness horizons,historical,robustness,registered robustness,0.25,neutral_guarded_vs_dca,safety-architecture behavior,6,4,130,-0.0434118994314023651435256383528159345830552420384376131847728,-0.157180528770477490064713527579264499573965244726710007861303,-0.0183161464433923613852701475356600813285020964711904655904351,-0.238526716415588680226322646456103186958101113964562123728974,0.273825858816137016013187660077394951199914134355076366994156,0.1243866078344809249568851762303720498876546101136882011473415,0.9061858200914601988206543147560746074798059207181012022320525,0.1319444444444444444444444444444444444444444444444444444444445,0.0316391971864416055186974425123776143802099054479102531402739,8,-1.5192286674338760265778193685604235970016043547318870643482087125,0.1641564708858984884051340045434299553264829300200425890641954791666666666666666666666666666666666667,-1.68338513831977451498295337310385355232808728475192965341240650,-2.308333333333333333333333333333333333333E-60,gross frictionless; epsilon-DCA theorem scope for guarded policies,descriptive across source aggregate cells; no cross-layer pooling
historical-quarterly-robustness,Historical quarterly robustness horizons,historical,robustness,registered robustness,0.5,corrected_guarded_vs_dca,complete-system performance,6,4,130,-0.0302844906385201081418541644079749858424398510057853898226168,-0.220839954243551167262530854444509061893505397289931515506932,-0.0130144293646792166380102599599870950954556389526333156164082,-0.237463758209373970583799129648160461989225032740652802363633,0.258745018826794647816305333420539978598074390384625786094401,0.192795264950335000697507671662440008263838805812763146727999,0.888935069204130961189359199046722175921468834800668931464787,0.297491039426523297491039426523297491039426523297491039426523,0.09401832353525583769396137135258280479202506442469582804388405,8,-2.112191393751592465720053470326853163214001413552358572642269383333333333333333333333333333333333333,0.1831321050575878370657060597987430146714140642107745713461347916666666666666666666666666666666666667,-2.29532349880918030278575953012559617788541547776313314398840375,4.25000000000000000000000000000000000000E-61,gross frictionless; epsilon-DCA theorem scope for guarded policies,descriptive across source aggregate cells; no cross-layer pooling
historical-quarterly-robustness,Historical quarterly robustness horizons,historical,robustness,registered robustness,0.5,corrected_guarded_vs_neutral_guarded,corrected-mean signal contribution,6,4,130,-0.002193760720847778238653817863301792330947303317154589359768485,-0.0895419959797290106670065268365277444210442603262191948868535,0.000432996423121430088677481332707989551926493651954381425923558,-0.091652667780604171233020761325052026785555553784337518951569,0.0943770487954475143482884393569146810365206568924067391899862,0.192795264950335000697507671662440008263838805812763146727999,0.888935069204130961189359199046722175921468834800668931464787,0.297491039426523297491039426523297491039426523297491039426523,0.09401832353525583769396137135258280479202506442469582804388405,8,-0.7020232615328671628273601906686232102932392166870551193600340173333333333333333333333333333333333333,0.04773915614084910129698872984035975726939880476070055646456999333333333333333333333333333333333333333,-0.7497624176737162641243489205089829675626380214477556758246158108333333333333333333333333333333333333,-1.18001666666666666666666666666666666666667E-59,gross frictionless; epsilon-DCA theorem scope for guarded policies,descriptive across source aggregate cells; no cross-layer pooling
historical-quarterly-robustness,Historical quarterly robustness horizons,historical,robustness,registered robustness,0.5,neutral_guarded_vs_dca,safety-architecture behavior,6,4,130,-0.0308750922942071839874709373248326527395285701548955397828026,-0.144215732279196629017938155717243127407047884710666090768298,-0.0128760967502271773842550761091264230000465460587752179887514,-0.181679609358314606794273984689462393449454220407058436049555,0.216990336375807669520834039658275360202673204720130781264626,0.1239982667222024506876412996771231885065128748310082344438375,0.907036516690981056214766119645001896030509664819421509299697,0.2884744623655913978494623655913978494623655913978494623655915,0.0930971187781742174699563775464094306426195763356493996851627,8,-1.410168132218725302892693279658229952920762196865303453282235066666666666666666666666666666666666667,0.1353929489167387357687173299583832574020152594500740148815645625,-1.545561081135464038661410609616613210322777456315377468163783291666666666666666666666666666666666667,1.6337500000000000000000000000000000000000E-59,gross frictionless; epsilon-DCA theorem scope for guarded policies,descriptive across source aggregate cells; no cross-layer pooling
historical-quarterly-robustness,Historical quarterly robustness horizons,historical,robustness,registered robustness,0.6,corrected_guarded_vs_dca,complete-system performance,6,4,130,-0.0250159628141779677311988088054838647249189824228963084033302,-0.209062357068761259008679938974450895411031676929528089035096,-0.0104115434917433733104082079679896760763645111621066524931266,-0.214820356290867498792411012049641394256632073761164653969613,0.235056141732185299374320231379899915923362802224641960846134,0.191908747510609431416691940051802505323404161457965384003695,0.8903800882127669421713214820015077883785096340529915485489615,0.4036178315412186379928315412186379928315412186379928315412185,0.147343069446188946181723934777890067367246821853619373919507,8,-2.003395315775926490801774788433170155142474323331861158472314841666666666666666666666666666666666667,0.165448533221133617003364689191809529494762617768175893076298125,-2.168843848997060107805139477624979684637236941100037051548613791666666666666666666666666666666666667,-8.25000000000000000000000000000000000000E-61,gross frictionless; epsilon-DCA theorem scope for guarded policies,descriptive across source aggregate cells; no cross-layer pooling
historical-quarterly-robustness,Historical quarterly robustness horizons,historical,robustness,registered robustness,0.6,corrected_guarded_vs_neutral_guarded,corrected-mean signal contribution,6,4,130,-0.00213018847662952807778621112384409897945794725098172858451066,-0.084656370357720210957989624459249324289645507955224152969953,0.000345677840699586779402037850297022370478980502041540031154401,-0.0892941827808580156630348017320530840329343136971184655609422,0.0899478797403584608942800847044996763080122875196685968130858,0.191908747510609431416691940051802505323404161457965384003695,0.8903800882127669421713214820015077883785096340529915485489615,0.4036178315412186379928315412186379928315412186379928315412185,0.147343069446188946181723934777890067367246821853619373919507,8,-0.6906401970014719124181530524769039235404381966665364885309997344166666666666666666666666666666666667,0.04689355258235039204491306157026425821080378167323760959252824041666666666666666666666666666666666667,-0.737533749583822304463066114047168181751241978339774098123529265,-1.2901666666666666666666666666666666666666E-60,gross frictionless; epsilon-DCA theorem scope for guarded policies,descriptive across source aggregate cells; no cross-layer pooling
historical-quarterly-robustness,Historical quarterly robustness horizons,historical,robustness,registered robustness,0.6,neutral_guarded_vs_dca,safety-architecture behavior,6,4,130,-0.02630501310091544233630044640232766607665028213786057001601825,-0.13380793028716703796206429450039630457510063818198158745772,-0.0103008774001817419074040608873011384000372368470201743910006,-0.159843874855830717368492720241580103606631056763617513337882,0.173592269100646135616667231726620288162138563776104625011702,0.123387022584014455217069059924600786340933076899806944237540,0.9078822404703483234409104394980611436037749996441787209474505,0.3893929211469534050179211469534050179211469534050179211469535,0.1450760381356935805358178110474040139322665054067301524833675,8,-1.312755118774454578383621735956266231602036126665324669941319375,0.1185549806387832249584516276215452712839588360949382834837684208333333333333333333333333333333333333,-1.431310099413237803342073363577811502885994962760262953425089375,-1.579166666666666666666666666666666666667E-60,gross frictionless; epsilon-DCA theorem scope for guarded policies,descriptive across source aggregate cells; no cross-layer pooling
historical-quarterly-robustness,Historical quarterly robustness horizons,historical,robustness,registered robustness,0.75,corrected_guarded_vs_dca,complete-system performance,6,4,130,-0.01907007729126726238094945701898221876014361338642724353470725,-0.17216519218540472081377273365635997984317131572011626629284,-0.0065072146823396083190051299799935475477278194763166578082053,-0.175801808286884288242176491932161796366596463935878117048721,0.187909803588702597292863557775072272329812873002210225530206,0.1366120333783165483451401856160925766614263835586879471246725,0.898482455330917909215800723364518088228354287142348964442894,0.731518817204301075268817204301075268817204301075268817204301,0.3120349192261540510068048942879505682805578985331072602279935,8,-1.6790193732714349469033283511096217673316785244201150066378348375,0.1348046002850764432351637544949468650154000918850017162769932083333333333333333333333333333333333333,-1.813823973556511390138492105604568632347078616305116722914825791666666666666666666666666666666666667,2.254166666666666666666666666666666666666E-60,gross frictionless; epsilon-DCA theorem scope for guarded policies,descriptive across source aggregate cells; no cross-layer pooling
historical-quarterly-robustness,Historical quarterly robustness horizons,historical,robustness,registered robustness,0.75,corrected_guarded_vs_neutral_guarded,corrected-mean signal contribution,6,4,130,-0.00172140564281160341936937257843988818986212471083065936521123,-0.0708935508395664562545861373812101882464725070085031593440605,0.000215406351774402585817666488465733575865335001967454130108405,-0.074573841024174214768549969059612950070172852519268103406689,0.0748510595068467494170321971055725487360686336274891929812158,0.1366120333783165483451401856160925766614263835586879471246725,0.898482455330917909215800723364518088228354287142348964442894,0.731518817204301075268817204301075268817204301075268817204301,0.3120349192261540510068048942879505682805578985331072602279935,8,-0.593715524375421265692881019447218766703461229582781927274153606875,0.04396694037544769305556104004063288138935027218073223651413770458333333333333333333333333333333333333,-0.6376824647508689587484420594878516480928115017635141637882934229166666666666666666666666666666666667,-2.1114583333333333333333333333333333333334E-60,gross frictionless; epsilon-DCA theorem scope for guarded policies,descriptive across source aggregate cells; no cross-layer pooling
historical-quarterly-robustness,Historical quarterly robustness horizons,historical,robustness,registered robustness,0.75,neutral_guarded_vs_dca,safety-architecture behavior,6,4,130,-0.0191346292184449914646378886582269800340669705374404405698441,-0.111164292160395503727203909060878258701496151652256229055308,-0.00643804837511358869212753805456321150002327302938760899437685,-0.120784298210613182505389113811850506669744194149945493447686,0.128687407632623136877202738165742342676435680836858615980383,0.1179266042207474343167889983797783062106944619510368478261385,0.913556766663929801663580092211455554030397135173094018701981,0.691644265232974910394265232974910394265232974910394265232975,0.2985816615718945085709688466328966064010528158006959113225855,8,-1.085303848896013681210447331662403000628217294837333079363685433333333333333333333333333333333333333,0.0908376599096287501796027144543139836260498197042694797628550625,-1.176141508805642431390050046116716984254267114541602559126531125,9.370833333333333333333333333333333333333E-60,gross frictionless; epsilon-DCA theorem scope for guarded policies,descriptive across source aggregate cells; no cross-layer pooling
historical-quarterly-robustness,Historical quarterly robustness horizons,historical,robustness,registered robustness,0.8,corrected_guarded_vs_dca,complete-system performance,6,4,130,-0.0171512166858138244646055240832995879308292191202444447243235,-0.153074348357186622738102780974870792588690179394631980648227,-0.0052057717458716866552041039839948380381822555810533262465609,-0.154019305473704574508709591627839400065848062858311746496418,0.157727841054507548941817416496956149682071789522350010288812,0.113459125444476220905779232730903052182580274143515485227150,0.9127202757429064119511525118683060770349388509895862739788525,0.914146505376344086021505376344086021505376344086021505376344,0.420418893921354710544857233696645186814615860870380591535430,8,-1.477564703045612566537505772728780590987595765652061269271124783333333333333333333333333333333333333,0.119824277442267024043628150717601450667593843802060506082095875,-1.597388980487879590581133923446382041655189609454121775353210041666666666666666666666666666666666667,1.0616666666666666666666666666666666666666E-59,gross frictionless; epsilon-DCA theorem scope for guarded policies,descriptive across source aggregate cells; no cross-layer pooling
historical-quarterly-robustness,Historical quarterly robustness horizons,historical,robustness,registered robustness,0.8,corrected_guarded_vs_neutral_guarded,corrected-mean signal contribution,6,4,130,-0.001521838296245657352302806802616017645741423822686689799882516,-0.0606823124439834067601919593119137873101691162022640027710355,0.00017216049645749056183692350835933601893041350692686790900804,-0.0644069327629527831096348432741014921831762600961347825445005,0.0648723665194107088485763712912562414163816736433115936161051,0.113459125444476220905779232730903052182580274143515485227150,0.9127202757429064119511525118683060770349388509895862739788525,0.914146505376344086021505376344086021505376344086021505376344,0.420418893921354710544857233696645186814615860870380591535430,8,-0.5113387120958960452268554530332733909653654334048692292927391865416666666666666666666666666666666667,0.04076566474824940176164854715722745705072588920152201275157181166666666666666666666666666666666666667,-0.5521043768441454469885040001905008480160913226063912420443035204166666666666666666666666666666666667,7.4777916666666666666666666666666666666667E-60,gross frictionless; epsilon-DCA theorem scope for guarded policies,descriptive across source aggregate cells; no cross-layer pooling
historical-quarterly-robustness,Historical quarterly robustness horizons,historical,robustness,registered robustness,0.8,neutral_guarded_vs_dca,safety-architecture behavior,6,4,130,-0.0169801034254598500309363615006728214044987099165802474439731,-0.099182299010669472644993007371818994847874965561250248295801,-0.0051504387000908709537020304436505692000186184235100871954991,-0.103622403507930906707473393941421727861820875349380051135426,0.113530794215335566414171733050153127749082930225495520599102,0.102660060895302804207255305018759763052553500183802228211853,0.924057585975261723506016254535517770776404241292889011756521,0.853942652329749103942652329749103942652329749103942652329749,0.3944181628918383551166515390432135414067703736864486608506825,8,-0.9662259909497165213106503196955072000222303322471920399783856091666666666666666666666666666666666667,0.0790586126940176222819796035603739936168679546005384933305241125,-1.045284603643734143592629923255881193639098286847730533308911416666666666666666666666666666666666667,-1.6950000000000000000000000000000000000003E-60,gross frictionless; epsilon-DCA theorem scope for guarded policies,descriptive across source aggregate cells; no cross-layer pooling
historical-quarterly-robustness,Historical quarterly robustness horizons,historical,robustness,registered robustness,0.9,corrected_guarded_vs_dca,complete-system performance,6,4,130,-0.011941996457998832462226343026222455366553993306462869046828,-0.0894120386695048935048574937758458320786478488756163247511745,-0.00260288587293584332760205199199741901909112779052666312328164,-0.0912361726835817939852680735791166290349483038020342381161088,0.0914304236520384175335482294206459766017931277995892852269248,0.05673944673398041532024191686228562286572352472269119827565295,0.9547061635128292279042962143952072781025073487047690922781345,0.996527777777777777777777777777777777777777777777777777777778,0.700994782115550032614484147924755859964347732676113425894809,8,-0.8651583184823492463494865189796301930446966012658230681798026725,0.0795785215310633603004571369304579859228666805340258663121883125,-0.9447368400134126066499436559100881789675632817998489344919956875,-4.7025E-60,gross frictionless; epsilon-DCA theorem scope for guarded policies,descriptive across source aggregate cells; no cross-layer pooling
historical-quarterly-robustness,Historical quarterly robustness horizons,historical,robustness,registered robustness,0.9,corrected_guarded_vs_neutral_guarded,corrected-mean signal contribution,6,4,130,-0.001237997291683372417908599191000297893783014621881166383704039,-0.0287576916998766171277871554213301498715290766578447295095312,0.000085920582380415614144216007330892792393330139777551198439149,-0.0306776286120975480600161367485637216876739239591211438216873,0.0309162205899848298177144233149878813587985854357460071902592,0.05673944673398041532024191686228562286572352472269119827565295,0.9547061635128292279042962143952072781025073487047690922781345,0.996527777777777777777777777777777777777777777777777777777778,0.700994782115550032614484147924755859964347732676113425894809,8,-0.255299198295688422322901010426129498487028571490921468200584592775,0.03273221790991879435810134865309839357260896598054783521833847958333333333333333333333333333333333333,-0.288031416205607216681002359079227892059637537471469303418928330,-5.2576416666666666666666666666666666666667E-60,gross frictionless; epsilon-DCA theorem scope for guarded policies,descriptive across source aggregate cells; no cross-layer pooling
historical-quarterly-robustness,Historical quarterly robustness horizons,historical,robustness,registered robustness,0.9,neutral_guarded_vs_dca,safety-architecture behavior,6,4,130,-0.01128976735283144961546779344209443052299693781797982796325645,-0.0623492819853351418298521456667289655593223940649700302924635,-0.00257521935004543547685101522182528460000930921175504359775074,-0.0626166385600965477955226744349892183073106785860902895674052,0.0667598221147468382059529240373044662288682772252075611766749,0.05142805565016513767714383860286651612117766780665521260979995,0.958977357302875673604641818430101282423813656038140691890502,0.9739583333333333333333333333333333333333333333333333333333335,0.6675119526025996462049937755971747119195293547061351706519375,8,-0.609859120186660824026585508553500694557668029774901599979218265,0.04684630362114456594235578827735959235025771455347803109384955416666666666666666666666666666666666667,-0.6567054238078053899689412968308602869079257443283796310730653125,2.5066666666666666666666666666666666666667E-60,gross frictionless; epsilon-DCA theorem scope for guarded policies,descriptive across source aggregate cells; no cross-layer pooling
historical-quarterly-robustness,Historical quarterly robustness horizons,historical,robustness,registered robustness,0.95,corrected_guarded_vs_dca,complete-system performance,6,4,130,-0.00740429613182470096320406787865752820511729427897246186500576,-0.0469144375270981022600815836807696641359611798759235535724584,-0.00130144293646792166380102599599870950954556389526333156163963,-0.0474365422562277108054390621682186547974410917598856965021221,0.0475267029111554662932374567208388108683599952196562269811353,0.03234812244810272784138653701843313844135215976231984558569495,0.9768187095994019026936551106915871040311730815839661737951285,1,0.8503034527529626751135832259492534709318873898272555651285815,8,-0.4551668701878689016599169171701251485060715115209076188915180691666666666666666666666666666666666667,0.05291910141338590752180949098822749642579958804021506933852856666666666666666666666666666666666666667,-0.5080859716012548091817264081583526449318710995611226882300622375,-1.56016666666666666666666666666666666666666E-59,gross frictionless; epsilon-DCA theorem scope for guarded policies,descriptive across source aggregate cells; no cross-layer pooling
historical-quarterly-robustness,Historical quarterly robustness horizons,historical,robustness,registered robustness,0.95,corrected_guarded_vs_neutral_guarded,corrected-mean signal contribution,6,4,130,-0.000685397209916226323091495034765805293172358714959373558168293,-0.0114599442522192580125180570947045585467349301344834494310454,0.0000429215880818706220397186776434162036102819550475594505549755,-0.0118244083203817758394622024977022692591375532355431364540494,0.0118465370136144868294315195373770620472603092799782531043358,0.03234812244810272784138653701843313844135215976231984558569495,0.9768187095994019026936551106915871040311730815839661737951285,1,0.8503034527529626751135832259492534709318873898272555651285815,8,-0.10476834543867816829635997564184297652872041727319824223972654040,0.0248878550237094719934461041881313523676708049213019085519523295,-0.1296562004623876402898060798299743288963912221945001507917040196666666666666666666666666666666666667,-2.51497666666666666666666666666666666666667E-59,gross frictionless; epsilon-DCA theorem scope for guarded policies,descriptive across source aggregate cells; no cross-layer pooling
historical-quarterly-robustness,Historical quarterly robustness horizons,historical,robustness,registered robustness,0.95,neutral_guarded_vs_dca,safety-architecture behavior,6,4,130,-0.007103032511084797751897983198923125918472344206728480006451615,-0.0361695494755905621650037834223192170473451204163301078534992,-0.00128760967502271773842550761091264230000465460587752179887537,-0.0364066145647774110468031738874931829665332278468053613199514,0.036433934643434757211849641024441538892422197611495656074156,0.02571402782508256883857191930143325806058883390332760630489935,0.9792717051438969384501318439341600259968616056467359385527615,0.996527777777777777777777777777777777777777777777777777777778,0.8298119614425696545994157191677953353512151617604195074283865,8,-0.3503985247491907333635569415282821719773510942477093766517915095833333333333333333333333333333333333,0.02803124638967643552836338680009614405812878311891316078657639166666666666666666666666666666666666667,-0.3784297711388671688919203283283783160354798773666225374383584375,9.4637500000000000000000000000000000000000E-60,gross frictionless; epsilon-DCA theorem scope for guarded policies,descriptive across source aggregate cells; no cross-layer pooling
historical-quarterly-robustness,Historical quarterly robustness horizons,historical,robustness,registered robustness,0.99,corrected_guarded_vs_dca,complete-system performance,6,4,130,-0.001482607757201289629939310414496813603988134264042302366785935,-0.0094301932531719800691186612862341088168374048421314896260948,-0.000260288587293584332760205199199741901909112779052666312327927,-0.00951978613526244410093462638490806818367042336066041724056288,0.00953504166052331812845219398004929905828001005126639995882617,0.006563694542056383544131607765639644583420491461334507837020745,0.9953130951673467247581130110053976336298229990191423140753515,1,0.9700606905505925350227166451898506941863774779654511130257175,8,-0.09151191452495805592287318109500082837056194974257499076922947233333333333333333333333333333333333333,0.010200868042682915671469474487039762564104527976870291982577925,-0.1017127825676409715943426555820405909346664777194452827518152729166666666666666666666666666666666667,-7.87558333333333333333333333333333333333337E-60,gross frictionless; epsilon-DCA theorem scope for guarded policies,descriptive across source aggregate cells; no cross-layer pooling
historical-quarterly-robustness,Historical quarterly robustness horizons,historical,robustness,registered robustness,0.99,corrected_guarded_vs_neutral_guarded,corrected-mean signal contribution,6,4,130,-0.0001159295857459496319339122559214856698733148405014146053382298,-0.00164937915267134184574249442283683352783780987779853216708711,0.00000857824013686135862187459896386412000243115670109263700099765,-0.00175254424817496346191476646585951432221335700764320391401171,0.00176889191513317059260198849402450645407852904072717032346219,0.006563694542056383544131607765639644583420491461334507837020745,0.9953130951673467247581130110053976336298229990191423140753515,1,0.9700606905505925350227166451898506941863774779654511130257175,8,-0.01587998551384757300758463592381804825414342443392123337197912709583333333333333333333333333333333333,0.001029469616709291041022885531729960611290302631980293977856055041666666666666666666666666666666666667,-0.016909455130556864048607521455548008865433727065901527349847881625,-1.269948750000000000000000000000000000000000E-59,gross frictionless; epsilon-DCA theorem scope for guarded policies,descriptive across source aggregate cells; no cross-layer pooling
historical-quarterly-robustness,Historical quarterly robustness horizons,historical,robustness,registered robustness,0.99,neutral_guarded_vs_dca,safety-architecture behavior,6,4,130,-0.0014555229245108312896660926640569123075420745577670554466457975,-0.00779908757782229983385414992043700835184146300166506655555485,-0.000257521935004543547685101522182528460000930921175504359776022,-0.00789455280913009195717215698324402648074561065408682664180102,0.00790915274551953006711033484398288294025786479198933429128342,0.00579189026975220690461745843505678609058248116729833496525576,0.995728243069046572250057548898892487418187483654062887331395,1,0.965814265999863063274081719457829852825401061090929851255531,8,-0.07563192901111048291528854517118278011641852530865375739725034016666666666666666666666666666666666667,0.00917139842597362463044658895530980195281422534488999800472188125,-0.08480332743708410754573513412649258206923275065354375540196779791666666666666666666666666666666666667,4.42350000000000000000000000000000000000000E-60,gross frictionless; epsilon-DCA theorem scope for guarded policies,descriptive across source aggregate cells; no cross-layer pooling
historical-quarterly-robustness,Historical quarterly robustness horizons,historical,robustness,registered robustness,1,corrected_guarded_vs_dca,complete-system performance,6,4,130,0,0,0,0,0,0,1,1,1,8,0,0,0,0,gross frictionless; epsilon-DCA theorem scope for guarded policies,descriptive across source aggregate cells; no cross-layer pooling
historical-quarterly-robustness,Historical quarterly robustness horizons,historical,robustness,registered robustness,1,corrected_guarded_vs_neutral_guarded,corrected-mean signal contribution,6,4,130,0,0,0,0,0,0,1,1,1,8,0,0,0,0,gross frictionless; epsilon-DCA theorem scope for guarded policies,descriptive across source aggregate cells; no cross-layer pooling
historical-quarterly-robustness,Historical quarterly robustness horizons,historical,robustness,registered robustness,1,neutral_guarded_vs_dca,safety-architecture behavior,6,4,130,0,0,0,0,0,0,1,1,1,8,0,0,0,0,gross frictionless; epsilon-DCA theorem scope for guarded policies,descriptive across source aggregate cells; no cross-layer pooling
